file_path,label
../audios/train/fak//68cbd9d1-d42d-4c40-9402-efe3766783e4.mp3,1
../audios/train/rel/c7306a94-f820-498e-850d-f1440f4fdc7c.mp3,0
../audios/train/fak//f78e7b72-5e09-40df-ade6-1a5ca5954b11.mp3,1
../audios/train/fak//23377766-4089-4518-a0a8-fe911282e438.mp3,1
../audios/train/fak//fce7dd92-192f-435f-83d8-293709590ca9.mp3,1
../audios/train/rel/775d9c3c-ec9f-4e14-9580-1b0adf580d4d.mp3,0
../audios/train/rel/3d27e6e1-e164-4079-8f49-ef842621291f.mp3,0
../audios/train/fak//f00228b0-eacc-4451-bb7b-e2f5fdb4a0f3.mp3,1
../audios/train/fak//bdadf4cf-ba58-4c0c-8c3e-37dc8f2f08df.mp3,1
../audios/train/fak//50b94d03-e401-4cd0-9a41-9e9a44468705.mp3,1
../audios/train/rel/261400de-99bc-4eee-8c79-76a8cd9153bc.mp3,0
../audios/train/fak//e2d723d3-d6e5-4ef8-9c49-74312a2e8d4f.mp3,1
../audios/train/fak//4d6a17bf-0893-4a54-af10-c8dd99f85079.mp3,1
../audios/train/fak//aeb83495-5525-4461-95b4-fe2384d70432.mp3,1
../audios/train/fak//9a5f6409-2cad-41de-8e9a-561ffc3990c8.mp3,1
../audios/train/rel/9a370316-6499-4c1a-87ea-ea5fcab20912.mp3,0
../audios/train/fak//79be5e05-d6ef-44de-9daa-a0c06b896849.mp3,1
../audios/train/fak//6fdd46b7-bdef-4801-91bb-dbafdc9597a9.mp3,1
../audios/train/rel/3e8327b9-46de-4ca1-8cd3-db7ae0050878.mp3,0
../audios/train/fak//fe94d93f-ab97-4b4f-99cd-bbdc4d4e4ab5.mp3,1
../audios/train/fak//c7187d96-f7f1-444e-9aae-528d0ba56968.mp3,1
../audios/train/rel/4fcdf51b-ca76-4431-b284-013d510054d8.mp3,0
../audios/train/fak//bf64d66f-f873-4c16-b070-bc66078b87c7.mp3,1
../audios/train/fak//63a74c8d-dd73-4404-938a-dd4293846d60.mp3,1
../audios/train/rel/34e7e96b-446f-4b74-81a3-30ada06335b6.mp3,0
../audios/train/fak//b2894cbf-2374-4864-a1e1-222aa718c94b.mp3,1
../audios/train/fak//ae9d0258-d5a0-4a67-b763-3d8ada9d24e2.mp3,1
../audios/train/rel/57ee57a1-b9e7-458b-9412-b96f76c4ac84.mp3,0
../audios/train/fak//599ae67c-4d52-4a34-a1f0-177812139896.mp3,1
../audios/train/fak//868b0eed-1161-4941-8636-405d2e8bc9c0.mp3,1
../audios/train/fak//a19b4499-5585-43a0-abeb-c6925e5ad410.mp3,1
../audios/train/fak//8505ffa2-5afb-477a-9d0a-bb4c5fc67f05.mp3,1
../audios/train/rel/036e4b5b-3afc-4eb1-a625-a32e26093058.mp3,0
../audios/train/rel/e04ccab2-3f5d-4fef-bc31-8a8bd730de79.mp3,0
../audios/train/rel/d6842e39-d344-482d-8373-56398ac0a726.mp3,0
../audios/train/fak//50cd8b89-1282-49bd-81a3-1c1c90a4f319.mp3,1
../audios/train/fak//2ce45c56-5b19-4bf4-9825-440feaa5932b.mp3,1
../audios/train/fak//18cc1c3e-3b0b-4a0b-8761-3ef168a83d15.mp3,1
../audios/train/fak//fdcb0dd4-9026-4734-bcc3-01318c0ce797.mp3,1
../audios/train/rel/191cb87b-1687-4ef1-9d9f-ef0dcacb5660.mp3,0
../audios/train/rel/4c93a0cc-1bd6-4a4e-9be3-d9af50a40d36.mp3,0
../audios/train/rel/376ec9b8-afaa-4caf-8972-5d8bee617179.mp3,0
../audios/train/fak//d09ac03d-be7f-45c0-a62e-df3e3ada5803.mp3,1
../audios/train/fak//3f25ad6b-fd72-4288-bc17-cf97ec31e5e9.mp3,1
../audios/train/fak//b1970be4-d9a9-4e9d-8c9d-5ad325ed1324.mp3,1
../audios/train/fak//b9c641a2-313b-4788-8812-df39854eea17.mp3,1
../audios/train/rel/b23aa063-42a7-4e76-be4b-feeba99df798.mp3,0
../audios/train/fak//eeae5b1e-f207-4233-a424-7e8b61a22046.mp3,1
../audios/train/rel/f9e3c0ef-8f7d-42be-9458-18202a859853.mp3,0
../audios/train/rel/b340a9cf-718e-4ab6-af51-270755206544.mp3,0
../audios/train/fak//d66394a0-714f-4b18-a349-1b89c45be2dd.mp3,1
../audios/train/rel/af7fadf4-c665-4abc-b73a-b1c61b8b8548.mp3,0
../audios/train/fak//93a6aa3d-8baf-4f94-962d-8424f0186741.mp3,1
../audios/train/fak//de3dc0f4-87a4-43d2-bbc9-df6faa554d4c.mp3,1
../audios/train/fak//d9f66b90-8354-46b6-a4d9-86a1ed6856ca.mp3,1
../audios/train/fak//977fc7d2-0cca-4d42-bcfa-e6ec5fd42632.mp3,1
../audios/train/fak//a3e68fcd-cd02-4e90-8a28-bb700678a235.mp3,1
../audios/train/fak//1617de59-02bc-4c8d-842b-086366246d0c.mp3,1
../audios/train/rel/734f28aa-5ed5-4224-9062-c90fef6dd336.mp3,0
../audios/train/fak//6aca3281-e1e8-42fe-8cc2-4e8594902d90.mp3,1
../audios/train/fak//8d5b1456-cac6-4bd0-b6e4-de1accadfd96.mp3,1
../audios/train/rel/3dab2298-15eb-4d3b-81d1-ceff06ff117b.mp3,0
../audios/train/rel/a1dc8a72-3f9e-4143-8681-14969d7835fc.mp3,0
../audios/train/fak//b7e170ca-1340-4532-b289-792e1486e6b9.mp3,1
../audios/train/fak//4125c8d4-f506-45c8-a5f4-2aa20d504e1d.mp3,1
../audios/train/fak//a95c1449-5384-4b52-9fa0-fbfa99a8f03f.mp3,1
../audios/train/fak//b665a015-9dac-4fd4-ad9c-e6e6a6380e17.mp3,1
../audios/train/fak//71f290c7-b402-4f2b-80d4-2c5c61ead7bb.mp3,1
../audios/train/fak//3864c318-159a-4f8f-bf6d-3c5dc138d805.mp3,1
../audios/train/rel/663e456a-116f-4182-812c-8c1c409d0fa4.mp3,0
../audios/train/fak//c553d693-9929-4835-872d-bbf48576557e.mp3,1
../audios/train/fak//ea74c1e1-e567-4968-a111-8276cc3ccfec.mp3,1
../audios/train/fak//fe3f9bdb-f530-454f-8f32-f63ad3b317a5.mp3,1
../audios/train/fak//c1f55e90-d60c-4dc1-bdd5-cdb05e1cf2f5.mp3,1
../audios/train/rel/5c61cfb9-c704-4c0a-818a-720f6ff7b497.mp3,0
../audios/train/fak//01bf2f6a-27ef-48d2-bc00-94233dfbeac6.mp3,1
../audios/train/fak//5b1dc0a3-2931-4e9e-8b68-cff3118652cb.mp3,1
../audios/train/fak//c21d22bb-47c1-4bfd-beb5-5212d5f24c9f.mp3,1
../audios/train/fak//65313604-82eb-411d-b650-4e022939f2f5.mp3,1
../audios/train/fak//99deeba0-feed-4134-9ceb-bba51b24b1af.mp3,1
../audios/train/rel/e6e676a4-af89-4eeb-8b41-7f6895d29a1d.mp3,0
../audios/train/fak//c8681c25-4318-45d6-a802-21446835a1e5.mp3,1
../audios/train/fak//d66a57ca-a619-44b7-b7a9-1d169d05e858.mp3,1
../audios/train/fak//709d02a1-c81f-47fc-98d5-de7b850aa891.mp3,1
../audios/train/rel/6196491c-cc86-4067-86c7-79fb5ed555c3.mp3,0
../audios/train/fak//6744899c-a26e-4871-971d-90399b2336b5.mp3,1
../audios/train/rel/e0e31615-2d77-47dd-a2fd-8f40f58e4214.mp3,0
../audios/train/rel/bf952485-3889-436c-a5d0-69848e321bc1.mp3,0
../audios/train/fak//9854fb6c-726b-474b-947f-1008de343907.mp3,1
../audios/train/rel/54ad956c-2655-41b3-9f5f-12ac678a130e.mp3,0
../audios/train/fak//086f25c7-2c31-459a-b966-67787d31e96a.mp3,1
../audios/train/fak//0b078fea-075d-422d-aa5c-1b03fa906909.mp3,1
../audios/train/fak//4799dbcb-f1f1-45fa-9354-a223fd8f27db.mp3,1
../audios/train/rel/83da3e9d-fc9b-4e5d-b54a-b1b7d1417f34.mp3,0
../audios/train/fak//ecc693fe-07ee-4748-a27b-c596920a1978.mp3,1
../audios/train/fak//ae42eea7-4f42-4fc9-a232-70b8fefba6f2.mp3,1
../audios/train/fak//24988543-6b77-4272-95cc-04bb4317386d.mp3,1
../audios/train/rel/2c9180dc-d07d-4f86-844a-b5ab8a3efccd.mp3,0
../audios/train/rel/58e9ffc1-0ecb-4389-baae-d09f04e14476.mp3,0
../audios/train/fak//eec24baa-6d52-4a19-acb7-e99d5483cc8b.mp3,1
../audios/train/rel/8f926b08-636a-49b3-a7d5-0c91da048ea0.mp3,0
../audios/train/rel/693538d0-e1b6-42f0-879c-a5f1b333fdb0.mp3,0
../audios/train/fak//2c0b0ec0-22bb-48af-938b-cf871edacf5a.mp3,1
../audios/train/fak//8a0a3cdb-84f5-4fcf-a1b8-59ae7472baed.mp3,1
../audios/train/fak//3d73b4e5-f410-42ac-b8c9-8f2bbf13cca5.mp3,1
../audios/train/fak//dc5b129b-de74-4e2d-a85e-a25f1f2615a4.mp3,1
../audios/train/fak//93ff55df-ecd7-4dd6-a291-9feda0ef991a.mp3,1
../audios/train/rel/175c6158-e80f-469a-9920-0b4083783795.mp3,0
../audios/train/fak//d7187311-8408-4a0f-aff3-cef8864e390c.mp3,1
../audios/train/rel/f31f6210-0b9a-48d3-983c-402a4b45032a.mp3,0
../audios/train/fak//6b2795a5-9159-4ed0-a457-a16895c31c0a.mp3,1
../audios/train/rel/b0926aef-ca86-4cc8-9c95-fb367bb6d5de.mp3,0
../audios/train/rel/f3862475-1ca8-481a-a2f5-c0aaa0514296.mp3,0
../audios/train/fak//09c74e6c-18a1-4592-904b-8af22042d44b.mp3,1
../audios/train/fak//0ee50581-6a40-4335-995f-ef55256600a8.mp3,1
../audios/train/rel/3fbd7d35-a6eb-473a-86fb-8f047434e402.mp3,0
../audios/train/fak//bcbe2bff-752d-4620-b628-11f4bb2f1331.mp3,1
../audios/train/fak//58642fee-9605-448f-a0a6-c7a6632d9a73.mp3,1
../audios/train/fak//8bba2d95-ead8-42bf-b060-02c472c93e60.mp3,1
../audios/train/rel/97a554ca-6759-4c56-a1ec-199ce822254e.mp3,0
../audios/train/fak//a5d41087-9b9a-4a47-a0d9-f199db249a4e.mp3,1
../audios/train/fak//ee34d811-3a02-48fc-a6e8-fcfccd460335.mp3,1
../audios/train/fak//efca22ab-a8fb-4b36-b66a-360c9197421f.mp3,1
../audios/train/rel/355a0ada-ca60-4a77-98d0-30fb9df759ab.mp3,0
../audios/train/fak//0cbb5bbe-fb41-4e0a-804e-0ea89634abec.mp3,1
../audios/train/fak//7c753af5-98df-4ce2-b737-a573355fced9.mp3,1
../audios/train/fak//a81b1f93-e68c-4ebe-9b32-e23e4fde97bf.mp3,1
../audios/train/rel/41e4781a-463b-4952-bd4d-5e5815433121.mp3,0
../audios/train/fak//362a5444-e783-461f-83f3-6e1c09937d72.mp3,1
../audios/train/fak//18b33685-39ce-4723-bb1c-5464f9ba11eb.mp3,1
../audios/train/fak//ca38627a-9c32-4ae7-95f4-7a5f64868ef1.mp3,1
../audios/train/fak//80493410-5af7-47df-b5ea-916ae9c27aed.mp3,1
../audios/train/rel/dfec6c0d-bbb9-4b55-8e66-3a404c888788.mp3,0
../audios/train/rel/9e590e9b-5bf0-4b30-9f56-36537f898af3.mp3,0
../audios/train/fak//f97a6826-f0b4-4ebc-99e8-5103ebe5c846.mp3,1
../audios/train/rel/c7dd36f4-c9c3-49d8-ba92-f130d4e068f5.mp3,0
../audios/train/rel/d45de38f-6630-49ff-b4b5-0b65c40e9140.mp3,0
../audios/train/rel/1eaf099f-a7f9-4b4e-b93f-d1cd19427c30.mp3,0
../audios/train/fak//6eb29717-1b0f-465c-84a0-3372c487731f.mp3,1
../audios/train/fak//5e6bffe0-051a-4b75-a13f-a5bf30078756.mp3,1
../audios/train/fak//f8660585-2f3d-4f6c-81f8-6704f0acacc8.mp3,1
../audios/train/fak//1f68f6b2-fe50-4169-b264-949d4ff89f7a.mp3,1
../audios/train/rel/a50c2f29-272f-4a6e-87de-f7fe079ca2b9.mp3,0
../audios/train/rel/40f24402-d185-4228-8830-27ce0accc803.mp3,0
../audios/train/rel/86cf7b77-0b03-4821-b41f-268b12732f5b.mp3,0
../audios/train/rel/670743e9-1659-4fc6-887a-27a348183de6.mp3,0
../audios/train/rel/274d9eae-7915-45e5-944d-6a016793c3e1.mp3,0
../audios/train/fak//665abbd5-c8e1-49f0-a44f-7840f0bbe9eb.mp3,1
../audios/train/rel/d7f258d1-a1a3-495a-851a-e10c78bb40fe.mp3,0
../audios/train/rel/7bf5b2cd-0bfb-4a53-81ee-089f30edec3b.mp3,0
../audios/train/fak//02ddb43b-d02b-41bb-a6a3-85cddb662e8e.mp3,1
../audios/train/rel/0fa6be34-d577-46ea-bc5f-558ac3d2ffaa.mp3,0
../audios/train/fak//5a3c828c-6f8d-4dbd-b859-e8e0bfd12a58.mp3,1
../audios/train/fak//3e0fddfe-3488-497b-8ea7-8ef2dfc04c1b.mp3,1
../audios/train/fak//8de22aa5-53b4-42c1-a9bb-ca90190a9102.mp3,1
../audios/train/rel/b4bfce56-ad49-4a7b-ab8e-478a11f69c80.mp3,0
../audios/train/fak//78c98269-ca32-4595-a25d-2ce00ec7ed1b.mp3,1
../audios/train/fak//26c8ce8a-c8fa-47e2-9d40-7ac4ab812b50.mp3,1
../audios/train/fak//29c832eb-e78d-40e9-8158-0ea888f0453d.mp3,1
../audios/train/rel/399f7b5f-f764-4232-b5d5-e60d35a1a9ec.mp3,0
../audios/train/fak//5fb3e262-7417-47a9-b88e-4efab4804fce.mp3,1
../audios/train/fak//a4f19fd2-9b44-4804-8546-4913a75f2ed8.mp3,1
../audios/train/rel/b5d147eb-4316-43d7-94d9-d9f6475cbddf.mp3,0
../audios/train/rel/51071c58-268c-460f-b182-153291cf15ee.mp3,0
../audios/train/fak//2b6a92de-3e75-4d05-8877-559e3a1ec01f.mp3,1
../audios/train/fak//400b7ceb-f261-494d-9764-434547a7598f.mp3,1
../audios/train/rel/47bfb725-d4b1-4bbf-887a-a00b72f1a379.mp3,0
../audios/train/fak//6e43591a-58df-47cf-89e5-8c1fb064b40a.mp3,1
../audios/train/fak//52d2412e-ab60-4557-b48b-29fcf507af2f.mp3,1
../audios/train/fak//383d40ef-0cc9-4dd1-8ac6-26dbc6fee60b.mp3,1
../audios/train/fak//621c5390-4aca-46ee-a6ee-bc0518d2ae2c.mp3,1
../audios/train/rel/2e5e85bb-8681-45e8-b78b-5c21297c0490.mp3,0
../audios/train/rel/a9053aa4-ba34-40c0-9052-067cd2499968.mp3,0
../audios/train/fak//9063b487-c0e5-4195-af2e-9f55ea32c5de.mp3,1
../audios/train/fak//62af9504-2753-4218-8451-416c705ce4f2.mp3,1
../audios/train/rel/ac35e210-24f6-4481-b12d-10e93ab7c659.mp3,0
../audios/train/rel/36f9dd98-4d9d-4f63-8992-80262350c381.mp3,0
../audios/train/fak//eb59f76a-1be0-4464-99fd-92144633cac2.mp3,1
../audios/train/fak//e13e87e7-7654-4b99-a609-4535b8ce7534.mp3,1
../audios/train/fak//72c06f84-d1a5-4d18-a54e-de07da533618.mp3,1
../audios/train/rel/b8ff36af-f9cc-4bfe-b845-9866fbf4e6eb.mp3,0
../audios/train/fak//e2f8f378-aeb0-41f4-be96-c3efff27f093.mp3,1
../audios/train/rel/91a1b5d2-5291-439d-bb49-22e8c1fc6bec.mp3,0
../audios/train/fak//d26e329a-41a1-4952-a9a7-b2f70164d7e7.mp3,1
../audios/train/rel/60661374-1cc9-4ffb-975e-f099f04a8eae.mp3,0
../audios/train/fak//93d10e79-f1e1-4614-bc55-1f3c4342c281.mp3,1
../audios/train/fak//db42af57-d502-4b1d-a3b4-0ea09adcc5e5.mp3,1
../audios/train/rel/7f543c36-1860-44e7-9a58-1890ee0e445d.mp3,0
../audios/train/rel/0d57986a-e9ea-43bd-90c9-33b2b6372492.mp3,0
../audios/train/rel/45e7eb3c-8d3c-4d2f-bab1-85d7e98645b0.mp3,0
../audios/train/fak//ba6d7124-f96c-4fc4-9771-04a557c8029d.mp3,1
../audios/train/fak//4566eb1d-14e0-48af-a1a4-40c31f40ccca.mp3,1
../audios/train/fak//a63819bb-8fca-4f6d-b510-653c3b674c7f.mp3,1
../audios/train/fak//6d8d799c-ba3b-4f61-b311-e7b90fb83a20.mp3,1
../audios/train/fak//c9d2df8a-b10d-4cf4-88f8-68e3ec3b7a3b.mp3,1
../audios/train/rel/b2386282-852c-4abb-9ac3-15ae929ddf6d.mp3,0
../audios/train/rel/a95f925f-3aee-4510-a972-f4ec486c426e.mp3,0
../audios/train/rel/5a32f63f-aa3a-4f4e-ae1b-9dd5edb669f6.mp3,0
../audios/train/fak//787425dd-514e-4ce9-93d3-ae17bbdd6ec5.mp3,1
../audios/train/fak//63db1419-ec7c-4bd2-a7bc-f038c7ea228e.mp3,1
../audios/train/fak//0882e442-46a7-452f-8c33-27c81d60daff.mp3,1
../audios/train/rel/7f38e8b2-4d37-4b0f-a7bf-d1db338eff2a.mp3,0
../audios/train/fak//2b499ce0-059e-431b-ae3e-2a9489dd85a6.mp3,1
../audios/train/rel/611b2833-8cf5-48dc-9e38-b1e55a5baca9.mp3,0
../audios/train/fak//ad0e2c30-29ca-4437-b129-8f76b4d091fb.mp3,1
../audios/train/rel/b64392fe-f31d-4905-a648-df58860eeb63.mp3,0
../audios/train/fak//89dda890-96a7-433f-91c7-08b3b51ab647.mp3,1
../audios/train/fak//43c388a1-bd5b-4af4-9ff5-4313565a93b6.mp3,1
../audios/train/rel/d4aa9f87-ef36-404f-a966-28877bcdf9f4.mp3,0
../audios/train/fak//c082689b-8946-49bb-ba71-a73666d4fd53.mp3,1
../audios/train/fak//31dcb886-6c31-4b5d-a253-907c0f3e7ad6.mp3,1
../audios/train/fak//d56d2c63-423d-4f2c-8e4d-3c43464855fe.mp3,1
../audios/train/fak//955f1cb8-7412-49a0-bd10-c86eae7c39f1.mp3,1
../audios/train/fak//43289ecf-a873-454a-89d4-b9903b7fb708.mp3,1
../audios/train/fak//2c13cd29-f5e2-4c05-8395-21309b4ba0bf.mp3,1
../audios/train/fak//0d5b05e1-705c-4a90-a63e-2e0001b5ff58.mp3,1
../audios/train/fak//bec379ab-d3a5-4ade-b546-925e7c7a5b87.mp3,1
../audios/train/fak//b36766e9-d9ea-4bcc-aae0-5b3510096db0.mp3,1
../audios/train/fak//b37f2da6-6ff2-4416-8f9e-e7821cf599fc.mp3,1
../audios/train/rel/d834b329-441e-4913-93bc-4e873b21a4c5.mp3,0
../audios/train/fak//dc376610-96c4-44d9-ab44-9d63c18d694e.mp3,1
../audios/train/rel/600ad40d-115e-480c-b4ef-0d313faa3503.mp3,0
../audios/train/rel/65c9e8de-91e7-48c1-8701-79f587bef50b.mp3,0
../audios/train/rel/d2cbcaeb-4a4b-4621-ad72-ec4b953b5f1b.mp3,0
../audios/train/fak//3ff2c450-2b7d-4341-a4ba-61a724d082b9.mp3,1
../audios/train/rel/9cb89278-9f4d-4e52-aacf-af542ef07cc5.mp3,0
../audios/train/rel/ed56e561-f4c5-459d-991c-c1deeab9d813.mp3,0
../audios/train/fak//a6283491-4b47-4672-84b9-cf9b9d360909.mp3,1
../audios/train/fak//b541f4c9-1751-444a-8c53-c504bf73bcbb.mp3,1
../audios/train/fak//a4161374-36fe-4ae1-a9ec-7221a3723500.mp3,1
../audios/train/fak//a1bd76c4-9f9c-46a5-abf7-bc624c335824.mp3,1
../audios/train/fak//25f92cfa-dd67-457c-9989-8725ae432fb7.mp3,1
../audios/train/rel/bcc63579-6172-4ddc-9b76-46b9cbcd266d.mp3,0
../audios/train/fak//68cd0c33-0ef3-4042-86ab-e45fabdd4bf3.mp3,1
../audios/train/rel/ab392006-3937-4f2d-b2ba-94245095b8b7.mp3,0
../audios/train/fak//83f41a88-c316-480b-8769-5fad8570d31f.mp3,1
../audios/train/fak//d87b8afe-15bc-40bd-8b8c-4da509dc8c77.mp3,1
../audios/train/fak//9d2c1d9c-d0c6-49c1-bacd-2a2401e3cd89.mp3,1
../audios/train/fak//d0f56687-219b-45ef-a4ce-7aadfef7dbc3.mp3,1
../audios/train/fak//0a07accf-078e-4f85-ad77-acf3fd1d2d66.mp3,1
../audios/train/rel/73f8c58c-7de9-4e9b-adb1-59927a40098e.mp3,0
../audios/train/fak//a0971896-68cd-4c60-99d6-7235548e9f80.mp3,1
../audios/train/fak//e170593d-89f2-4b5e-b294-5985ee0e8285.mp3,1
../audios/train/fak//821670d6-0ade-4349-a25b-73a9154083ca.mp3,1
../audios/train/fak//0b4b0d2b-637d-426c-969c-b3a5335053fe.mp3,1
../audios/train/fak//58cf84ef-5ad8-4787-a7ed-5b4846665a91.mp3,1
../audios/train/fak//e1277736-8336-4a17-9a80-7e6b45d4db33.mp3,1
../audios/train/fak//8aae1145-9106-466f-81ed-1967bdf1c3a6.mp3,1
../audios/train/rel/5df5b1f8-6e60-4732-87b5-e21e78e3daf7.mp3,0
../audios/train/rel/0100eca6-5b28-405f-9e1a-624ffc456230.mp3,0
../audios/train/rel/7964950d-73d7-4d1d-8192-9926fc9f4993.mp3,0
../audios/train/fak//ab1a604a-5dc9-49a1-bb0e-93f832347a10.mp3,1
../audios/train/fak//0d62623a-a884-4f6a-8b80-eec64ed5da71.mp3,1
../audios/train/fak//37ef61a8-4a87-457f-8635-b7c2bb45a532.mp3,1
../audios/train/fak//779c2418-6b07-4c92-b27b-3b979ea8b39c.mp3,1
../audios/train/fak//253e3043-72a8-4c6b-8bfe-4120df9b0909.mp3,1
../audios/train/rel/9a61e1c8-2d4f-4685-b367-27089c9b94ff.mp3,0
../audios/train/rel/b5d1035f-4ba4-4e81-b23e-ccc0b0096d3a.mp3,0
../audios/train/fak//d14a1043-622a-45fe-bb79-418381db1b8e.mp3,1
../audios/train/fak//352266d5-5f1b-4b7d-959d-bb2df273c3fe.mp3,1
../audios/train/fak//3ff5da56-db02-4b47-a3f1-d22adb23f383.mp3,1
../audios/train/rel/2cb17274-91ef-4dbe-9ab6-36af96b415b9.mp3,0
../audios/train/rel/bf72adb1-abc4-4597-b99d-1cdd8cfd6a85.mp3,0
../audios/train/rel/1810759e-b4b6-457b-9743-39ee96965f35.mp3,0
../audios/train/fak//245fe0bf-97ef-4ff6-8169-c5377644d966.mp3,1
../audios/train/fak//7fd8e6d5-543a-468b-87c7-f2244347e780.mp3,1
../audios/train/fak//cb5c7ec9-d6fb-4d3a-9e4f-38b056cff484.mp3,1
../audios/train/rel/30c25fca-c5fa-405a-88ec-b7ca2f519425.mp3,0
../audios/train/fak//428419b6-7fef-4621-bf3a-6d1590b241b6.mp3,1
../audios/train/rel/0a7b58af-46ef-433b-8a76-de2ee46dbe83.mp3,0
../audios/train/rel/ed5d2264-36d4-424e-ae83-36263da63ae3.mp3,0
../audios/train/fak//4fd4c635-c6fb-44e2-abed-eb12a2360d5f.mp3,1
../audios/train/rel/3b2e9a23-6cf1-40b9-a21f-6ad2d8414ecf.mp3,0
../audios/train/fak//f32b5fc0-909d-4f68-9fec-068d336bfad4.mp3,1
../audios/train/fak//247c940e-11c8-47ef-9c2d-940224611c7b.mp3,1
../audios/train/fak//ea6d7a9f-0b94-412e-9bf3-9bf12ce3c255.mp3,1
../audios/train/fak//44fb494d-e8fb-4703-9d70-9fae25a0d477.mp3,1
../audios/train/fak//2a30f567-b397-45e9-9c93-b009ebd5596f.mp3,1
../audios/train/fak//8c6fa33d-6176-48a5-9128-78b9b95c84bc.mp3,1
../audios/train/fak//d9a8b5a1-2d9b-4945-b720-99f50a4547d4.mp3,1
../audios/train/fak//d4cd25aa-c484-45ca-924b-b3c191ec933f.mp3,1
../audios/train/rel/9f16b647-7aa2-4a38-9b67-a2a3f21995b9.mp3,0
../audios/train/rel/c2bdec02-38bd-42e4-8b92-d26ff52c49ce.mp3,0
../audios/train/rel/bb007446-27f0-4353-8aac-864bd8c03c16.mp3,0
../audios/train/fak//a6716e29-fdd1-4f87-9277-057ac30e7b2a.mp3,1
../audios/train/fak//fddcfb8c-6607-45df-be49-48b247fff241.mp3,1
../audios/train/rel/5eb2a693-a041-49d1-954b-b9cd3ea14000.mp3,0
../audios/train/rel/c3bddb8e-18f6-40ec-872c-03bb30ae84bf.mp3,0
../audios/train/rel/535c2d32-3b58-4c3b-993d-7cef7d3180f5.mp3,0
../audios/train/rel/bbe14dd6-b15a-4291-8336-e057e518bd60.mp3,0
../audios/train/rel/56d5a66d-eb8b-4e5f-9760-d22c6034b1c7.mp3,0
../audios/train/rel/a5163f0a-6f75-4b63-b440-c204128e4a7b.mp3,0
../audios/train/rel/e806b2dc-1743-4006-adfb-89f87fec87c3.mp3,0
../audios/train/fak//bad28427-b7b0-4a30-a33c-6e8df218b71c.mp3,1
../audios/train/rel/67544da8-a3ac-46c3-8b7c-15461fef3bb4.mp3,0
../audios/train/fak//3d54096f-f89e-4826-bc06-243003db3a02.mp3,1
../audios/train/fak//f439eac8-907f-44db-b9b9-3f8e44e762b9.mp3,1
../audios/train/rel/b9bc44a1-45a5-46df-bf6d-c06016042aa7.mp3,0
../audios/train/fak//ff324c95-cc8b-415c-862f-850676977e25.mp3,1
../audios/train/rel/17aae38f-c2a9-4e85-b421-3e0c8d40f282.mp3,0
../audios/train/fak//e17ded15-f5f2-4040-b415-ab58f6e6e678.mp3,1
../audios/train/fak//548766f6-42af-4bda-b31d-8075ee5399dc.mp3,1
../audios/train/fak//11ab493a-05e0-4969-a242-0088b9c94de8.mp3,1
../audios/train/fak//7f831a25-bedb-463d-a003-90297164a732.mp3,1
../audios/train/fak//9ec25dbc-2331-498a-a119-be1016faec04.mp3,1
../audios/train/fak//f8b83dc8-22a9-4a76-8295-8f11c426d3ac.mp3,1
../audios/train/fak//db581626-a82d-418f-9da9-4ca583473fdd.mp3,1
../audios/train/rel/a141cb6e-0b79-4b67-a0e3-eda3f426e02a.mp3,0
../audios/train/fak//56c79d3a-3fbb-482e-b611-f12104a7c8db.mp3,1
../audios/train/rel/6610068e-da59-490a-90dc-0a18b45c7349.mp3,0
../audios/train/rel/87af5a9a-1ac2-4475-bbe4-94e13fbd871e.mp3,0
../audios/train/rel/87efc5a5-a136-4dfe-86f2-fd68e920c41d.mp3,0
../audios/train/fak//0e93d6af-aca8-49d3-932d-3a1cc37429aa.mp3,1
../audios/train/rel/ee06914a-9cc2-4e12-acd5-5bc96a48c4b5.mp3,0
../audios/train/fak//4c3925d4-ba00-4663-8fae-21cb37c78f40.mp3,1
../audios/train/fak//d870dcb0-6ab5-403c-b88f-866773302073.mp3,1
../audios/train/fak//29c21c84-5640-46ad-8e45-5861acb7cab0.mp3,1
../audios/train/rel/c1c2fe7f-5d8c-458d-8eb3-491336177af6.mp3,0
../audios/train/fak//0f060484-1401-4a70-b828-36cd17781e83.mp3,1
../audios/train/fak//3a228c42-87ec-4b5b-9228-74a30bcca5c2.mp3,1
../audios/train/fak//7bf3fd63-a0a7-4afc-b984-91a7ac7e6246.mp3,1
../audios/train/fak//732156dc-7196-4a56-b523-f0d64064de30.mp3,1
../audios/train/fak//82c5836b-14c2-4692-8ccc-35f0f04e5d72.mp3,1
../audios/train/fak//d2b8494c-03a3-4d51-8c6c-67781011e901.mp3,1
../audios/train/fak//0664cfc1-eaa7-411e-b4c3-fed8baca68c4.mp3,1
../audios/train/fak//3422470a-140f-4cf8-a011-724d71612b3b.mp3,1
../audios/train/fak//cbb9baef-e547-4e84-a406-c891561dbd11.mp3,1
../audios/train/rel/1f52feba-415c-4fb9-b2c2-9bfba9fc57bc.mp3,0
../audios/train/fak//dd320145-47f4-4c44-9306-3dff00d1edc8.mp3,1
../audios/train/rel/a810dc0c-54c0-4e81-b275-1471d40d15cf.mp3,0
../audios/train/fak//92094c12-63c0-42a8-9a5b-b6cd79291ed7.mp3,1
../audios/train/rel/509aea9b-b7a3-4887-8e42-ff202fa4383b.mp3,0
../audios/train/fak//44003dba-57c6-4306-bdac-3dc59bcc0e60.mp3,1
../audios/train/fak//f7821ae8-c9fe-4361-97fd-1b93639a30c0.mp3,1
../audios/train/fak//69a139aa-1054-4d23-8836-9ebb71606cb0.mp3,1
../audios/train/rel/effb2403-981e-4733-8c85-770ab1ad766b.mp3,0
../audios/train/rel/7fae3f5d-6865-4b63-8bcd-3d111d86eea4.mp3,0
../audios/train/fak//f9e99f9c-cb5a-45c6-8849-b857a711edc5.mp3,1
../audios/train/fak//81dd0a0b-2580-4ad0-96ec-38d1ce71e90f.mp3,1
../audios/train/fak//aff731dc-3145-4d53-b673-3fa536856ce8.mp3,1
../audios/train/fak//2fa0f700-8259-4384-902c-f1de74dca556.mp3,1
../audios/train/rel/b41f0127-394b-437b-98b8-aae1bd2462aa.mp3,0
../audios/train/rel/d13b582d-903f-49fc-b995-ab12a473eef6.mp3,0
../audios/train/fak//60d963df-801d-4bda-9634-350348df612f.mp3,1
../audios/train/fak//d374d7bd-9438-42e5-98e8-ea84ebfe4737.mp3,1
../audios/train/fak//44e49ae5-3242-44f5-b8dd-2d2a115cf819.mp3,1
../audios/train/rel/e779af82-530f-40b6-a15f-37f4d25017c8.mp3,0
../audios/train/fak//998a9a2d-b3f3-4693-b471-63a73593f8c1.mp3,1
../audios/train/fak//d1acf117-2beb-422a-b8ab-879fa2c921d2.mp3,1
../audios/train/fak//ef86e63c-9202-46b0-813e-d0e85baff075.mp3,1
../audios/train/fak//a0f9f771-fdbf-426b-a9b3-2bb5c8b4a7fa.mp3,1
../audios/train/fak//41ab6aa8-7965-4040-8d53-e9a0fd5ad7e0.mp3,1
../audios/train/fak//aab9408d-a637-44f2-a2dc-3677385f2909.mp3,1
../audios/train/fak//881dad03-3eeb-4a32-83c6-c546164b4f05.mp3,1
../audios/train/rel/d08ceaaa-340f-492c-87ee-260bae5bce1c.mp3,0
../audios/train/fak//89e20568-e85b-4d72-bc78-8a72aa0d74d2.mp3,1
../audios/train/fak//e2e5e191-3806-4fa4-8125-5668e94148ba.mp3,1
../audios/train/fak//18c792f3-20ae-4eeb-b40a-bcc06c93ef60.mp3,1
../audios/train/rel/c06de8bf-5df0-418f-a81e-18da0d622a82.mp3,0
../audios/train/fak//564487fb-ec72-4b50-a965-d5e1254cbb56.mp3,1
../audios/train/fak//978a64bb-fff0-4446-a241-223c582c7515.mp3,1
../audios/train/fak//a9083057-317c-40cc-a292-33381d978409.mp3,1
../audios/train/rel/7af82ae0-a71d-439a-a32e-411b9fffe235.mp3,0
../audios/train/fak//88b3412e-e86c-4725-9b90-9391e7cde095.mp3,1
../audios/train/fak//11ad848b-2457-4661-89ca-fa5b24f607a8.mp3,1
../audios/train/rel/58005581-cf4d-4508-8299-58d5d4193ec1.mp3,0
../audios/train/fak//766d985e-8cac-4616-8d55-a1648334bcf1.mp3,1
../audios/train/fak//5d49ebfb-153a-47e5-823d-c8c03ad2c9a0.mp3,1
../audios/train/rel/bed7ff32-5ec3-477e-aa55-a4f58957e537.mp3,0
../audios/train/fak//182d1751-4721-4106-afa2-f5e17f15f693.mp3,1
../audios/train/fak//04813668-758b-4abe-b30e-8754a67a50d2.mp3,1
../audios/train/fak//49536db7-5a15-450f-9e09-ecfe19f7bdb5.mp3,1
../audios/train/rel/e138b15a-6e34-4c56-b12b-7a645ba198c5.mp3,0
../audios/train/fak//a865e5cc-f603-417c-9261-777deabc802e.mp3,1
../audios/train/rel/91360a39-097a-49d5-87b7-dc56f06ad63f.mp3,0
../audios/train/fak//71ff92c6-4de6-42c2-8705-d122c38bd746.mp3,1
../audios/train/fak//2440795d-b097-404e-b2a6-7b4edd84b737.mp3,1
../audios/train/fak//bdbebe4c-0d24-4f83-b997-aa7aa5be61b7.mp3,1
../audios/train/rel/7b8ffa24-46c3-4e0d-9a21-d38e94c684de.mp3,0
../audios/train/rel/a7e8f7a0-d388-4d77-af6d-b10f141ec222.mp3,0
../audios/train/rel/385dd2c3-99e2-4ccf-958c-f93f40fd0e63.mp3,0
../audios/train/fak//8bf6134e-8a9e-48df-8813-19ed4cd3049f.mp3,1
../audios/train/rel/2addc902-dcd6-4e62-9a40-ffdddaacd43d.mp3,0
../audios/train/fak//a10055f1-f86b-4f17-bfe6-248635b05999.mp3,1
../audios/train/rel/a2844b6f-e06f-4daa-9557-6fe4ff65721d.mp3,0
../audios/train/rel/cbf20000-7c3d-4013-a1de-dabe6e772086.mp3,0
../audios/train/fak//f6b9a5e5-e12f-4879-a02a-8c11383f0cab.mp3,1
../audios/train/fak//ea92e472-9710-45d4-b002-64c057c7cbfc.mp3,1
../audios/train/rel/20b76fda-c5f9-4a50-bf42-cdd9a02cd13e.mp3,0
../audios/train/rel/19a49845-4bf2-418b-9e8a-cfbc4e701b65.mp3,0
../audios/train/rel/cccdad91-6b3c-4ac6-812f-3388dde78d9c.mp3,0
../audios/train/fak//0b2445fd-9731-4985-8239-a7aaf508f877.mp3,1
../audios/train/fak//c76cb1f1-5d21-408b-a39d-3fd6fc16ba20.mp3,1
../audios/train/rel/c2f33516-65a3-4ad5-873f-9e39983d4a26.mp3,0
../audios/train/fak//7365953f-85ab-47c4-8782-b5f21ec7f41f.mp3,1
../audios/train/rel/2d5a774e-45f8-4bc9-ab58-2ca53c81d538.mp3,0
../audios/train/fak//c98d51e2-3997-40db-9942-623dfeda785a.mp3,1
../audios/train/fak//3c2d8564-ba80-4f2c-b7d8-7d751c247839.mp3,1
../audios/train/rel/3f7bd702-d596-4e86-be74-8293d8910ff3.mp3,0
../audios/train/fak//56596ec9-90cc-4697-85d6-83e641c834a3.mp3,1
../audios/train/fak//42203af8-f7bc-4309-ae7c-13e1d1b1cf1a.mp3,1
../audios/train/rel/6e04ec56-5188-4825-ad72-2bdb60bb780b.mp3,0
../audios/train/fak//LA_E_4238286.mp3,1
../audios/train/fak//4ebf06e5-f95a-4e32-ad35-78c9af15fcae.mp3,1
../audios/train/fak//d88cb16d-b4fd-43dd-a8ab-10cf8ecb3ee3.mp3,1
../audios/train/rel/f44a1ad5-d453-46a6-97f9-61cd7eac7e07.mp3,0
../audios/train/fak//91c840e9-46ce-4477-9f0e-ed398780f75c.mp3,1
../audios/train/rel/bb1597a7-b55d-4066-81e0-54c88196f4b0.mp3,0
../audios/train/fak//235c9759-6515-481d-89c3-c45275a3d52c.mp3,1
../audios/train/fak//8596c428-99b7-410d-9f0b-3675e9637672.mp3,1
../audios/train/fak//7c62faf0-534e-41d8-b0f1-608d6bb05b94.mp3,1
../audios/train/rel/71b8e618-7fbe-40ae-a873-d2d0c5721399.mp3,0
../audios/train/fak//3f9f83d1-8e93-4552-97ec-9f4c226c70c9.mp3,1
../audios/train/fak//2a8aada5-197b-42e3-ba25-d08cff3bce9a.mp3,1
../audios/train/fak//9ead8271-2a4a-40af-b385-6eaae911380d.mp3,1
../audios/train/rel/8c9ed563-ca5f-4140-b3bc-ba6a5021b92a.mp3,0
../audios/train/rel/abb6bb58-a997-43d0-8153-7d408398b510.mp3,0
../audios/train/rel/37f722ae-3d55-4f18-9ec0-e5ccb514e5a6.mp3,0
../audios/train/fak//999f0888-d4cb-4cf5-9b70-c2b38d73fbc3.mp3,1
../audios/train/rel/112469f9-2f87-434e-a871-3dfa7bd6a10e.mp3,0
../audios/train/rel/c3591814-9ec6-4779-bba8-1d25408a18fe.mp3,0
../audios/train/fak//40574b85-4b4f-4682-9e70-4beb61720088.mp3,1
../audios/train/rel/2bb25871-62cd-44f0-8c1b-7dfbc43cd103.mp3,0
../audios/train/fak//ebf80b25-c30e-46c9-897e-308afc6ce2de.mp3,1
../audios/train/fak//70a1d2a2-7b34-44ba-810c-e8fd1a1de0b8.mp3,1
../audios/train/rel/99d466e1-99c1-4d45-99e8-17d80717facb.mp3,0
../audios/train/fak//b2776199-7ff7-4286-b46a-1d8b365a501d.mp3,1
../audios/train/rel/18327f14-93d1-4665-827e-02c81ad44350.mp3,0
../audios/train/fak//741d5a45-cec7-40bb-92cc-2cdf74143370.mp3,1
../audios/train/fak//dc0b0679-f166-4e69-b13a-7bde874f24b9.mp3,1
../audios/train/fak//254c69a5-6794-4c7e-9586-66598fda5039.mp3,1
../audios/train/fak//e05063ce-aa3a-4874-8f7a-636f1e2490e8.mp3,1
../audios/train/fak//d7870f04-4c9d-42c9-8693-6e470d45aefe.mp3,1
../audios/train/fak//11c27318-7177-4455-8796-fffc2f9ff1e5.mp3,1
../audios/train/rel/52db7019-97cd-4d21-8017-6d94e4baa93a.mp3,0
../audios/train/rel/ea2f869a-3064-4e6f-a191-d7fb2bc7dc2c.mp3,0
../audios/train/fak//fb604501-0d5a-40db-9561-810124eda514.mp3,1
../audios/train/fak//8575fa5a-4ac5-472d-ab2e-7ee4722307ed.mp3,1
../audios/train/fak//630799d7-86c6-409d-adec-3a72a4123776.mp3,1
../audios/train/rel/421820d2-7215-4f71-a43f-2ba05189a0e3.mp3,0
../audios/train/fak//4ec4dba9-507c-4262-a3eb-7e14fab7cbe4.mp3,1
../audios/train/rel/3e704442-c217-465f-8c7c-569ff352861f.mp3,0
../audios/train/fak//58efa32b-0f08-4889-ace2-9bc5c41bfda5.mp3,1
../audios/train/fak//f931d33d-1c18-4004-9528-98165346c686.mp3,1
../audios/train/rel/4a93b9ca-71f7-45e5-9be4-16e4def5abea.mp3,0
../audios/train/fak//0836ef78-2d5b-4bb3-8630-28a09f6bbca1.mp3,1
../audios/train/fak//9b2f42ff-c204-454b-af41-298e623fc316.mp3,1
../audios/train/fak//b4bfb329-2132-4ef7-9c00-8104a4df5520.mp3,1
../audios/train/fak//8ea1cb63-0630-4eec-a195-a1b7c57889f2.mp3,1
../audios/train/fak//940baf0a-d717-4986-aa30-51d46614e874.mp3,1
../audios/train/rel/96b11eb0-ba93-4cdc-86b3-de59a6d2e738.mp3,0
../audios/train/fak//4a02e3cc-7eca-416e-bfc4-323685423247.mp3,1
../audios/train/rel/5ffe25f2-eceb-47c3-8728-d71a7d51f178.mp3,0
../audios/train/fak//f0386003-a071-4afe-9041-f01b77c2384b.mp3,1
../audios/train/fak//192e5e1d-5229-41b0-8ebc-f08ed426bdfc.mp3,1
../audios/train/rel/bc4242e2-90fc-4c42-b3dd-d2ff9c83a0b8.mp3,0
../audios/train/fak//1e52d4d4-0e1b-47ad-9b6e-b582e2b0f2c6.mp3,1
../audios/train/fak//08231f2b-a431-4be0-a5ec-7d4afa509b97.mp3,1
../audios/train/rel/e1b70cb2-5328-4539-9f34-f6703cec77ba.mp3,0
../audios/train/rel/dca35907-e5a4-42f5-bb15-6ec3d919e34b.mp3,0
../audios/train/rel/acae8442-9463-4ce8-9dc0-8d3cde13c2f5.mp3,0
../audios/train/fak//c3725011-5d14-4f3a-9908-5b5ad57ff70a.mp3,1
../audios/train/fak//150953fa-d794-49cf-8f13-219a6d3ffc96.mp3,1
../audios/train/fak//b5c5818a-b7d3-4af3-bf10-a17d50dd701b.mp3,1
../audios/train/rel/6a51952d-ad2a-41a8-b9c5-226d6b9d59b5.mp3,0
../audios/train/fak//c5435233-9f86-40c0-9130-6c371c520ec8.mp3,1
../audios/train/rel/0a7da435-abf3-4f0d-9ae6-8493053e3ab6.mp3,0
../audios/train/fak//0cdc9a55-d633-4435-aa25-a39c7df773a9.mp3,1
../audios/train/fak//fa7996cf-78a3-43f6-814f-bd61ca1c1b47.mp3,1
../audios/train/rel/571bd580-a15b-4486-a694-2d7c00cbdb86.mp3,0
../audios/train/rel/6588b050-b761-4034-a2a6-3b317162e7d9.mp3,0
../audios/train/fak//2933b98a-6c20-4104-816d-da64d38adbae.mp3,1
../audios/train/fak//8d35f92e-38c2-4905-b174-b4a2ed2a7b75.mp3,1
../audios/train/rel/c046f5fa-08e0-4c9c-808b-35c32172219c.mp3,0
../audios/train/fak//8cf0e59e-960e-4492-a157-13e1b2a51dc8.mp3,1
../audios/train/fak//e7ebe60c-311a-4064-a521-9cd0f9be87d9.mp3,1
../audios/train/fak//127f9e85-388d-4c4a-a6a5-7f04a25c83f3.mp3,1
../audios/train/rel/c25e407f-7800-4f8e-b33c-267393be6cec.mp3,0
../audios/train/rel/1e212bcf-0a26-44c2-bf7e-67de9d76149e.mp3,0
../audios/train/fak//a2430aff-08b7-4c99-9686-7bd1dca2aaf8.mp3,1
../audios/train/fak//5933ac2b-6a98-40c7-a4f9-21d1d4e00474.mp3,1
../audios/train/rel/9fdf7ea1-9818-44b1-a56a-2dbf00eab76e.mp3,0
../audios/train/rel/f9a9166c-85ad-44f1-a4fb-b869ed9f0399.mp3,0
../audios/train/fak//74c434e0-7126-4f26-aa29-0fdd2b6666d2.mp3,1
../audios/train/rel/f6f5234d-8ad2-40f5-904e-2ffb179c722b.mp3,0
../audios/train/rel/c13bf8a9-b2cf-4447-96ff-8146420c9f90.mp3,0
../audios/train/rel/0106f2db-2c17-4afc-992c-7f7ee90db3ef.mp3,0
../audios/train/fak//770ab559-72bd-4899-baa8-c8199227cf9d.mp3,1
../audios/train/fak//32f47f7d-3533-4d08-a0ef-806e0c3a5c4a.mp3,1
../audios/train/rel/14e6290d-6eff-40a8-972b-a8948e8745a2.mp3,0
../audios/train/fak//3adc9a48-aecc-498f-a79f-1b93ba1c5437.mp3,1
../audios/train/fak//2ac437bb-f27e-4115-9220-6e0da96ce7b2.mp3,1
../audios/train/fak//e3f7491a-a0e6-4ac8-8f2c-e57a64d8e767.mp3,1
../audios/train/rel/148f86ca-f8e5-4f08-97a8-83250d64098b.mp3,0
../audios/train/rel/8cd27dd6-0aea-4205-b87e-c668601200ef.mp3,0
../audios/train/fak//d1bdb4c3-c556-4c9f-bff3-74c776071ecd.mp3,1
../audios/train/rel/62a14036-bdb0-4219-8f1b-59e3aad5ac87.mp3,0
../audios/train/rel/3ac12c37-137a-45d7-9fe7-6ff5d55ee213.mp3,0
../audios/train/fak//31d73e53-d725-425d-918f-fe2b9b072efe.mp3,1
../audios/train/rel/cabfdbfd-4b63-4532-9c9b-663366382f64.mp3,0
../audios/train/fak//98b31f38-f79e-422c-937d-621e61753db4.mp3,1
../audios/train/rel/73ca4a49-8a44-4b71-ad44-bd01ef73c391.mp3,0
../audios/train/fak//c5d3dcfb-5efe-4e56-bede-a7634816b4bc.mp3,1
../audios/train/fak//d17b0001-a931-4c7e-a547-fcfaef05421d.mp3,1
../audios/train/rel/fd6e95e7-8a59-4815-9af0-084b6064fb57.mp3,0
../audios/train/fak//62d28605-0cae-4278-85d4-3221e1dfb072.mp3,1
../audios/train/fak//d0437fe9-7459-4645-b9dc-fe7f87a1423a.mp3,1
../audios/train/rel/e3dad10d-9086-4fb6-a6f8-59bccf871de7.mp3,0
../audios/train/rel/661b64ec-64f6-4240-9e6c-881989c4ab03.mp3,0
../audios/train/rel/390e291f-174a-41c3-a4d7-1ac069085b48.mp3,0
../audios/train/fak//f0ebc7c7-ae5e-48c1-9257-8d1a6cb73c04.mp3,1
../audios/train/fak//0f101fa1-8462-4cde-81fb-ba5f198320d1.mp3,1
../audios/train/fak//7370f32a-b01e-46fe-8295-3c3c7c598c2a.mp3,1
../audios/train/fak//884f4110-8277-48ff-8a04-0e671698024f.mp3,1
../audios/train/rel/45863379-043c-4203-be82-ff93596e2d7b.mp3,0
../audios/train/fak//ea7b4800-3628-4dce-8d11-13f8cecd96fb.mp3,1
../audios/train/fak//3b2dbe10-29a6-48e4-be7a-65c6297e1b83.mp3,1
../audios/train/rel/0694effe-165d-4937-8a44-3574e7943743.mp3,0
../audios/train/fak//0ca204e2-2376-484a-816e-8f19c3ee89c5.mp3,1
../audios/train/fak//efe31cb7-934c-4a45-bea2-712f886b8ef6.mp3,1
../audios/train/rel/4da5172e-38d8-4827-b6f3-3596567b45b6.mp3,0
../audios/train/rel/60677fd2-1e5f-4ad0-a382-60d37272c5c5.mp3,0
../audios/train/fak//b825900d-cd19-4458-85aa-d307fc8b3db2.mp3,1
../audios/train/rel/48da3cfc-c899-43a7-973e-fd231855b458.mp3,0
../audios/train/fak//08274ce7-e23c-41b4-aac3-f01e6d4868dc.mp3,1
../audios/train/fak//bca08e18-b87d-42d4-b4d2-388423b3b89e.mp3,1
../audios/train/rel/294266f0-8f00-4634-9930-db974df9911e.mp3,0
../audios/train/fak//c59663f4-d443-4ae0-ad5c-fc8349459567.mp3,1
../audios/train/fak//971afeaf-06a4-4e9b-a1de-e89933a2a724.mp3,1
../audios/train/rel/e4803e7a-873f-4956-b16e-c4ef7de58efb.mp3,0
../audios/train/rel/add0572f-f0ae-487d-805e-19eb4bfcd909.mp3,0
../audios/train/fak//4aae4651-fca7-476a-9c4b-77833595e551.mp3,1
../audios/train/fak//d502f5c5-69e4-42b2-bf5a-c0483f26908f.mp3,1
../audios/train/fak//0c20befc-5141-4d21-8aa3-fad47ccbc792.mp3,1
../audios/train/fak//53c67d74-4213-4eda-a241-a2cf16585e63.mp3,1
../audios/train/fak//28380cd2-7931-421e-b5da-697ef4f8df5b.mp3,1
../audios/train/fak//b53ccd0b-69bc-4480-9a23-d31a34dd2651.mp3,1
../audios/train/fak//4e4cd7b6-5522-403f-8449-1ba1e9ccff3a.mp3,1
../audios/train/rel/879ada42-9f2a-4f42-84a0-22a54d73ea29.mp3,0
../audios/train/rel/e0ff5ec1-4cd9-4967-b070-7804d3a26c8f.mp3,0
../audios/train/rel/e0b0a08e-f46f-4045-b5dc-75f40c834363.mp3,0
../audios/train/fak//08fc2f5a-66a1-4280-b394-aadfe1325c48.mp3,1
../audios/train/rel/78e1fef8-0348-4538-ba6f-0f5f1b2629ce.mp3,0
../audios/train/fak//0bb029b5-d444-444c-bd77-2699ed50f34a.mp3,1
../audios/train/rel/36b451f5-810f-44e8-8a38-d4f7c12d4682.mp3,0
../audios/train/fak//8f1dcc2c-cbb7-4dab-927a-afe493379576.mp3,1
../audios/train/fak//6f22ef5e-be4d-4c85-8cf0-91ec34532f9b.mp3,1
../audios/train/fak//726aac09-b675-4a5c-9f7e-4750c9c0fb74.mp3,1
../audios/train/fak//3a0e5cb4-7b7e-4795-8c43-8600503bb978.mp3,1
../audios/train/fak//c487b1a6-c742-4d68-bbee-f9493c25d541.mp3,1
../audios/train/fak//6b12a98d-4941-4836-a929-61071d92aadc.mp3,1
../audios/train/fak//92ac4955-955d-40c1-af2d-52e66344ca1d.mp3,1
../audios/train/rel/0b0431e5-5bff-4da2-82b7-2acfbb48adb5.mp3,0
../audios/train/fak//14901160-f0b3-4b38-85fe-77658b72e923.mp3,1
../audios/train/fak//7bf54c58-debd-4037-b01e-2bf894fb1324.mp3,1
../audios/train/rel/ed83a198-08bf-4e25-8c1e-f481dcd4d674.mp3,0
../audios/train/fak//1db4932b-06bc-403f-9962-09767e6f0ed7.mp3,1
../audios/train/rel/0873b5db-7b17-4b47-a3e6-93fe16941b93.mp3,0
../audios/train/fak//e31829c9-3b12-40e5-a7cb-1a4e1ac404ea.mp3,1
../audios/train/fak//952a2c1f-7d98-4b84-a358-e4c82dadd504.mp3,1
../audios/train/fak//af7c92ff-adff-44f6-9c14-507e8c552ccc.mp3,1
../audios/train/rel/9610595b-d308-4c84-8400-305623022ae7.mp3,0
../audios/train/fak//0aa021d6-06b4-428f-b81c-e4eb377df91b.mp3,1
../audios/train/rel/22c52d3b-15dc-4724-8bf8-fea8eecfd37a.mp3,0
../audios/train/fak//c5a7f2fd-278a-4420-95a9-0bd3111d066c.mp3,1
../audios/train/fak//3a8fd29a-730f-46d4-96ac-1ec5539e7a18.mp3,1
../audios/train/fak//eaca17d8-d319-4d73-9768-1b3aa65915d5.mp3,1
../audios/train/fak//e453132d-f519-464d-a403-a6ac68f9f24b.mp3,1
../audios/train/fak//612b025e-28fd-415d-91cf-c82d48a257e8.mp3,1
../audios/train/fak//539be689-1caf-4190-9a6a-f6100e61c996.mp3,1
../audios/train/fak//c9dc7cf7-69af-4f83-b0e4-0ce9246ce748.mp3,1
../audios/train/fak//e00cda5a-7d39-45cb-bf73-3ae803c71451.mp3,1
../audios/train/fak//e85bea19-8083-42e6-991c-9aaf9bc159be.mp3,1
../audios/train/fak//cc1947cc-27f4-420f-976f-bcc07df40b21.mp3,1
../audios/train/rel/4afcd520-7984-4d8d-bab4-b4fd9f86c519.mp3,0
../audios/train/rel/77300a74-fdba-4ada-a1be-157d589fe54d.mp3,0
../audios/train/fak//7101fd10-03c0-4b91-8d62-f051feb6a9b9.mp3,1
../audios/train/fak//efb079cb-6585-474f-8ae5-ff430bd2d192.mp3,1
../audios/train/fak//db352959-3381-4469-bb18-44ab4dfba7dc.mp3,1
../audios/train/rel/a7be0475-6e8b-405e-ac8e-7b967189171d.mp3,0
../audios/train/fak//0aec47f6-524c-481d-850e-2f84dc09ec62.mp3,1
../audios/train/fak//5fca04f4-63cf-4899-a181-1d3c2485d511.mp3,1
../audios/train/fak//816e3ccf-9570-406d-995e-84bb41515c79.mp3,1
../audios/train/rel/be2e1a8f-38c5-4c5d-95a5-f4d1d5b92b33.mp3,0
../audios/train/fak//8011405f-cbc4-4041-b1bb-0ea5f6213f63.mp3,1
../audios/train/rel/8aefac8e-6635-4ad7-ab85-227ca1ab8efb.mp3,0
../audios/train/rel/50f15e5f-067b-4409-b2e1-9f2ca38dc656.mp3,0
../audios/train/fak//b147687c-f171-4788-a8de-4e29a66ac1db.mp3,1
../audios/train/rel/78270d7b-99c3-4c2a-a741-b0642bb7d5ba.mp3,0
../audios/train/fak//d573a271-052a-48bd-ae12-686efda5f8fc.mp3,1
../audios/train/fak//b79985a6-8dad-4842-83e2-cb26d99d483f.mp3,1
../audios/train/fak//25b811db-4252-493c-b172-982970653fb1.mp3,1
../audios/train/fak//21f2d896-5eab-41c5-9eb7-f6db037d2883.mp3,1
../audios/train/fak//15d88792-4d75-4e36-80c4-bc291027611a.mp3,1
../audios/train/fak//a1c26a25-615f-4fc5-8162-1595f40d53f7.mp3,1
../audios/train/rel/6ae1e1b6-77fd-48db-abbb-636b4ae5c831.mp3,0
../audios/train/fak//1087b8b7-0811-4ac5-a61b-db9419090a15.mp3,1
../audios/train/rel/69923e8d-de13-4992-918a-9363678512ee.mp3,0
../audios/train/rel/a7fdcb02-e18d-4a0a-be6b-53949f47b9ad.mp3,0
../audios/train/fak//888a575d-38ff-4e3a-9c90-039e486e5cb3.mp3,1
../audios/train/rel/cd321e0e-5b1c-45c2-bc24-9d71b70d7f8d.mp3,0
../audios/train/fak//0e822df9-e639-4383-8a26-b20210dd276c.mp3,1
../audios/train/fak//9a542d85-eb8a-4030-962b-6d805655e636.mp3,1
../audios/train/rel/9793658c-039c-436b-82fd-6bbb34128cd1.mp3,0
../audios/train/fak//72c85fc3-f350-4beb-8c84-fc9023891cc0.mp3,1
../audios/train/rel/4078a11d-e6ca-4878-b4ac-14e8a6c36c4b.mp3,0
../audios/train/rel/80dd515b-cf3b-496d-bc24-d6357fa38fc2.mp3,0
../audios/train/fak//e8eec351-320b-47b1-938f-5c6ba24019a1.mp3,1
../audios/train/fak//6f6cdc7c-0d9d-40d7-9eb5-1c98219634e4.mp3,1
../audios/train/fak//6b731fe1-47b3-4bfd-8981-8cfabc81446c.mp3,1
../audios/train/fak//0cda8d3b-8292-4234-981d-b5c7b694dc30.mp3,1
../audios/train/rel/d4e5163c-85cb-4fb8-904a-7c685f59b5ec.mp3,0
../audios/train/fak//e1936191-b05b-4cb3-97c5-9e2df2c9849a.mp3,1
../audios/train/fak//da42a670-574c-45e0-9136-3ce318ea5b58.mp3,1
../audios/train/fak//5fea6958-c511-458f-95f5-6bf84019610a.mp3,1
../audios/train/fak//30aab59d-db78-4e0b-878d-5c72d3dd9ba7.mp3,1
../audios/train/fak//5cbeae1c-721b-4f97-a3c2-2f96c1ae9bd0.mp3,1
../audios/train/rel/5aa708f6-2653-42ba-9d75-6135e398fdc3.mp3,0
../audios/train/fak//35592f6b-187f-4988-b923-d72714545410.mp3,1
../audios/train/fak//70463b24-4089-4e12-b4e8-05bf4b5f1d0f.mp3,1
../audios/train/fak//1792e463-f335-4a99-8c65-d3202dea2ade.mp3,1
../audios/train/fak//abb95317-7e91-4db2-8e01-b2c9f9b2ab6d.mp3,1
../audios/train/rel/744094c6-f282-4542-b14b-083e6b30a846.mp3,0
../audios/train/fak//5234e988-0578-4ae1-b104-a62f2812ccb5.mp3,1
../audios/train/rel/a1c1c2ac-f73f-48b5-8acc-8a4a02fcd8db.mp3,0
../audios/train/rel/0d89b692-3728-46ca-9564-345d3a2add24.mp3,0
../audios/train/rel/04c11916-8a84-4e6f-bb89-789504d11032.mp3,0
../audios/train/fak//d558ea65-4c2a-4463-9302-3b96eb216eb0.mp3,1
../audios/train/fak//d21d25ba-e411-43e0-8ee0-c960fe0522dd.mp3,1
../audios/train/fak//612c2d51-b313-402b-a59c-587b5cfc0309.mp3,1
../audios/train/rel/e7901f10-a488-4c81-8730-986e138849d4.mp3,0
../audios/train/fak//b19a3e30-22fc-49c3-af06-771ca0b67955.mp3,1
../audios/train/fak//bd6c4ac0-efab-4527-87d6-5392f4df35e6.mp3,1
../audios/train/fak//b14f308e-38f3-4447-91bb-0057a4ce6e60.mp3,1
../audios/train/rel/9754e025-779d-4c35-a969-ab5577a383c6.mp3,0
../audios/train/fak//857147f3-6061-418e-a7ce-18c8e120b97f.mp3,1
../audios/train/rel/deb8aba5-0a6e-4a94-98a0-edc8e0df97a9.mp3,0
../audios/train/fak//3c9cf1f1-953c-4ebc-99ee-3732de1c219f.mp3,1
../audios/train/fak//826f7816-514a-4b99-84b6-787a1744e6bc.mp3,1
../audios/train/fak//fc16c641-9673-459f-a66f-321fd55ada71.mp3,1
../audios/train/fak//6b162518-d024-4bf9-b094-0efd5c82f62d.mp3,1
../audios/train/rel/3361b3bd-224a-439e-af83-1994adc349ba.mp3,0
../audios/train/rel/a2a24b7f-da7d-4303-ae6a-06ae04224980.mp3,0
../audios/train/fak//8cadb957-d99e-4a50-af3d-1dbcf3735337.mp3,1
../audios/train/fak//0a5ef456-8bae-4a0a-a979-81758622965c.mp3,1
../audios/train/rel/58e98397-8daa-40cc-8a4d-f5a9ffc8cb09.mp3,0
../audios/train/rel/16325fd3-53bb-41b2-8a23-9bc6741bfaf7.mp3,0
../audios/train/fak//7d35d628-2764-4960-84c7-0c68a047d779.mp3,1
../audios/train/fak//7787948b-e5bf-48d7-bb09-fc3adf0e2cee.mp3,1
../audios/train/rel/86954b55-703f-4940-b156-1cf5186353cb.mp3,0
../audios/train/fak//cb619850-319e-4035-ab34-b781f7a1954f.mp3,1
../audios/train/fak//28841ff1-52b1-463a-a96c-b22cdec32030.mp3,1
../audios/train/rel/5502cf10-af1a-45ae-a21f-54612847d57e.mp3,0
../audios/train/rel/df4b99e3-9ef2-419e-be53-84e821d66caa.mp3,0
../audios/train/fak//5d14d9b5-9810-4ed9-ac37-b3eeaecbbfdc.mp3,1
../audios/train/fak//75078125-8bc5-4b13-a782-97561f621d41.mp3,1
../audios/train/rel/6dbc34a7-75d1-4f17-ac64-f0f05b0fb45a.mp3,0
../audios/train/fak//1b84efad-3566-4508-a373-ac2994e62dfa.mp3,1
../audios/train/rel/b945fc39-a221-42af-849f-278688b02c47.mp3,0
../audios/train/rel/9594b821-6613-4f3c-aff7-9a1263087a80.mp3,0
../audios/train/rel/e5924c40-90eb-48c6-b4f8-5c1a448cdfa8.mp3,0
../audios/train/fak//1a5527ce-e5b7-445b-a5b4-b2c41c66e3ae.mp3,1
../audios/train/fak//db8b2250-71ff-4a82-b01b-5e7b9c7aa80f.mp3,1
../audios/train/fak//9b8e383c-69eb-4f37-8c7f-810adf6ace11.mp3,1
../audios/train/fak//925cae7c-32ab-4069-a053-0feb21a7aaa8.mp3,1
../audios/train/fak//1d72b591-4123-4726-8ad0-43f9e38d909b.mp3,1
../audios/train/fak//3b6a6995-7d33-492e-96b5-1f2f27941a81.mp3,1
../audios/train/fak//775c7388-5a54-4f9c-90d9-9fd4a2775b64.mp3,1
../audios/train/fak//444a71fa-8dce-4a75-8c70-fd889a30bd3d.mp3,1
../audios/train/fak//316dffb1-3cf3-4859-a95a-191b90ca7f12.mp3,1
../audios/train/fak//890568b0-1b07-4984-ac51-4e8c9da5f721.mp3,1
../audios/train/rel/9a4af384-21fa-4cfd-a41a-4733facbd557.mp3,0
../audios/train/rel/bb543a71-5d6f-485b-9d84-c0c66a687110.mp3,0
../audios/train/rel/a69d5114-8715-47cf-bf39-044f19da00db.mp3,0
../audios/train/rel/650183bd-4e44-4531-83e4-681519370f41.mp3,0
../audios/train/fak//fab888f8-8fd7-454e-ac07-49bec2a790c2.mp3,1
../audios/train/rel/e82801ad-bc06-43fe-8f44-274f521e6653.mp3,0
../audios/train/fak//dd6edc2e-9a98-47cc-865b-78af85b343cd.mp3,1
../audios/train/fak//c93ef994-cbb6-4b97-8f04-789cfdc67d05.mp3,1
../audios/train/fak//c47e69f1-b567-467a-be36-7158950ab1b1.mp3,1
../audios/train/fak//2eddcdad-5bce-473f-8253-1f58e6016229.mp3,1
../audios/train/fak//6b7c3569-27b8-44ff-bac8-bc7f18431a96.mp3,1
../audios/train/rel/507fefe7-df53-4986-a24a-0d83c56df630.mp3,0
../audios/train/rel/52005209-415a-40d2-92b3-e155d5a34708.mp3,0
../audios/train/rel/42856568-be67-4041-899e-0fa07e10d90f.mp3,0
../audios/train/fak//faa1aa9f-8cd6-4ce1-9ef2-1a4b26a2b2f8.mp3,1
../audios/train/rel/1282d007-a59f-4b86-93bf-4f0adb5ebbcb.mp3,0
../audios/train/rel/13f9007c-f50e-4ca7-b03a-ffa8aa1d2531.mp3,0
../audios/train/fak//b4aa31c4-ec32-4961-a483-c53f3b25b74a.mp3,1
../audios/train/rel/9fbb9df5-0ca2-4f19-ad04-68a0e7bb6410.mp3,0
../audios/train/rel/395e21e0-648d-47d4-8542-89c0bc46f12b.mp3,0
../audios/train/rel/42457173-85fd-4b81-9786-33d4641b2574.mp3,0
../audios/train/fak//21768138-4d1a-426b-918c-0086216f40f9.mp3,1
../audios/train/fak//ac9892b2-bfba-4fb9-9466-e5f3ec55197e.mp3,1
../audios/train/fak//1102b595-ab3d-452f-a378-fd9249d5b7ea.mp3,1
../audios/train/fak//c6f827bf-8f65-466b-9980-ff837686226f.mp3,1
../audios/train/rel/f2e3ec01-497d-4621-86cb-1242c86f8ced.mp3,0
../audios/train/fak//7496f1ce-4353-4f8f-b269-400ce5ac8c07.mp3,1
../audios/train/fak//8d0c4e5f-ee01-422c-a2f6-2461d7524479.mp3,1
../audios/train/fak//b1d25af5-1bf7-48b1-a56d-ebcadcf67b7f.mp3,1
../audios/train/fak//439f8ae7-2d99-4f2d-b98c-a1979b566f56.mp3,1
../audios/train/fak//225ea1c1-9918-4669-9096-aced2d4e3502.mp3,1
../audios/train/fak//b81f067c-a8a4-4662-820e-f3f6f392be55.mp3,1
../audios/train/fak//643b6040-5659-4b0f-806a-e0c9370c87ef.mp3,1
../audios/train/fak//f870d129-26a9-47d0-9e82-ed58394a9910.mp3,1
../audios/train/rel/3a8f6b90-7aa3-4cff-931d-28e0e6d09f60.mp3,0
../audios/train/fak//44bcf2fe-ffb9-48cf-ab6c-49cff05e6a78.mp3,1
../audios/train/fak//147efbe9-9000-4d3d-94f5-3502e11259e2.mp3,1
../audios/train/fak//2e45a42e-9e2a-4a1d-b8bb-8499c369dff0.mp3,1
../audios/train/rel/4597f278-5b62-4454-b266-e3d47d7cb614.mp3,0
../audios/train/fak//aee69465-0a75-42f3-9a88-d5f7285d6f66.mp3,1
../audios/train/fak//0527aac8-afc2-4947-a86b-d8f3e16fdc2f.mp3,1
../audios/train/rel/2804860d-8582-4b73-be26-2827015baf9e.mp3,0
../audios/train/fak//40223ced-f5bc-4c93-a007-ef23e56e9958.mp3,1
../audios/train/fak//04e767cb-d121-44db-99b5-bbaadbbc86b2.mp3,1
../audios/train/fak//2de7c34d-7915-48e4-8fb6-fc3204c29598.mp3,1
../audios/train/rel/32512dd9-5a96-48fd-9e6c-89f57d58cac4.mp3,0
../audios/train/fak//84934912-6406-4b36-863e-f134acf2c8df.mp3,1
../audios/train/rel/a7ddb8e0-0cc7-4717-b169-33c46f593bbc.mp3,0
../audios/train/fak//648e8615-c244-4d02-85cc-4a88c2540019.mp3,1
../audios/train/rel/c73ca16b-79c6-4894-a640-1607406019fb.mp3,0
../audios/train/fak//3c7f5679-6d8d-4a94-a613-a16cc1c400fe.mp3,1
../audios/train/rel/b63b9029-fed4-4a6b-a716-c3ca934bd211.mp3,0
../audios/train/rel/450cc27a-04f0-419a-8c98-011209f7cab0.mp3,0
../audios/train/fak//26e21bcd-13ee-4d0b-9b16-aebc06cfd933.mp3,1
../audios/train/fak//0febe89b-2a10-49d6-8eb9-eab3ba73ef44.mp3,1
../audios/train/fak//c4f52e4a-0f27-4200-b1c6-b73a53692ba1.mp3,1
../audios/train/fak//aa506000-9d80-418c-8e20-8c4cdb952ca3.mp3,1
../audios/train/rel/3f239117-19ee-4469-af87-3efdf9c0db5e.mp3,0
../audios/train/fak//9c5962af-06e5-44cd-8a8b-76373363cd42.mp3,1
../audios/train/rel/756ead96-757a-48f4-92a7-0ac53e20eec3.mp3,0
../audios/train/fak//7fd14e3f-8310-4b98-ab91-a1d8316138b2.mp3,1
../audios/train/rel/0fbd39d6-b300-455d-806e-080176fb8975.mp3,0
../audios/train/fak//21a1d0e9-13f2-42d6-964a-1194cf61cdb1.mp3,1
../audios/train/rel/841eaa38-0b09-4305-98da-8988ea5c4c12.mp3,0
../audios/train/rel/f7aec083-2ef9-4841-b7c8-adfc7b186740.mp3,0
../audios/train/fak//7d1acf14-8709-4bfa-ae78-8ba0871aec7d.mp3,1
../audios/train/fak//627aca6e-a67b-4fe9-8461-e615c0696ff4.mp3,1
../audios/train/fak//a7870d1d-d9af-4354-9a23-c947975d14ce.mp3,1
../audios/train/rel/34b5b771-5409-4da6-83f4-557696a8c08f.mp3,0
../audios/train/fak//629d28d6-7c95-4aaf-8c52-96013f95fbc2.mp3,1
../audios/train/fak//dd5adcce-ea08-4099-a20e-b38fcf6c4eca.mp3,1
../audios/train/rel/688e7d2d-82f4-4533-a08d-e6534e605df1.mp3,0
../audios/train/fak//e3355c23-9bcf-4c14-9aea-eee78a1375a4.mp3,1
../audios/train/fak//7082d9c4-5519-4f20-ae89-0fe078bceebd.mp3,1
../audios/train/fak//641895b5-3e43-41b9-8a3e-5006b14da343.mp3,1
../audios/train/fak//7742549b-48d5-47a6-befe-b011f5f313db.mp3,1
../audios/train/fak//549efed9-9849-4ed7-8ad5-4cf300e9b23c.mp3,1
../audios/train/rel/2be4d351-114b-4fd2-be04-2e942ace5c5e.mp3,0
../audios/train/fak//918d655c-6a11-475a-adad-e675a14e13c5.mp3,1
../audios/train/fak//62d1b451-6ea4-467b-bd4b-7519407158e8.mp3,1
../audios/train/fak//778a5f4b-9b35-4651-96ec-6f6e3cf4cf06.mp3,1
../audios/train/rel/418602fa-2c19-4962-a19f-826be503a04b.mp3,0
../audios/train/fak//780ae4e7-133f-4a89-bad4-c8146b085c36.mp3,1
../audios/train/rel/f631de89-c3f5-4a9f-b002-cd9b5298272c.mp3,0
../audios/train/fak//2636704f-e329-4459-8775-1a5c38ad0e7c.mp3,1
../audios/train/fak//94b8c281-7d7d-483c-9d6e-4218f2f9af1c.mp3,1
../audios/train/fak//9666a0f7-4cc3-4230-a64d-6b7d4a4737e0.mp3,1
../audios/train/fak//eb3a294f-c4c6-4abd-a7b2-d3e3c5aeb7eb.mp3,1
../audios/train/fak//512c45da-abb9-480c-b435-ab50e60274a2.mp3,1
../audios/train/rel/6633d6e6-2c4b-4b66-b3c7-361536370b04.mp3,0
../audios/train/fak//56e9bf5c-bbaf-4950-aa4f-ce046fd7401b.mp3,1
../audios/train/fak//6abb9e70-6426-4b44-a4fc-a3d69c0a5905.mp3,1
../audios/train/fak//8e7f9a4d-fb50-4bd7-a0b5-cbf3e509af50.mp3,1
../audios/train/fak//03b02fc3-7136-491e-bcb3-445c99903fbc.mp3,1
../audios/train/fak//88bfe69f-3f9e-4b3f-a541-f493bec36e0b.mp3,1
../audios/train/fak//25e731d1-a0bc-4c91-849a-0675c9129ff4.mp3,1
../audios/train/fak//74427381-6e4a-47d4-83ff-41845e9cdc36.mp3,1
../audios/train/fak//6b4598e8-e095-406e-80e6-0bf7cd2ec9dc.mp3,1
../audios/train/fak//9b90b70c-afbc-4356-9369-c5d877241cb6.mp3,1
../audios/train/rel/5ddaf840-0772-4576-aea9-f83e16f005b6.mp3,0
../audios/train/fak//b821faf7-f366-4d34-8411-27dfea43bd54.mp3,1
../audios/train/fak//42aa6532-156f-4fdb-ae8c-e0b521dc4aef.mp3,1
../audios/train/fak//738ca3d8-424d-4718-b35e-3fd0f034a957.mp3,1
../audios/train/fak//a658b39a-0b6e-4a02-94dd-f3670eee031b.mp3,1
../audios/train/fak//b0a57da9-e7a4-4097-b631-bde67a35b5b2.mp3,1
../audios/train/fak//5376d547-adc1-4f28-af3a-b94af92f9366.mp3,1
../audios/train/fak//bf7eba2e-f4cb-4ad9-9949-2cc5bc457e28.mp3,1
../audios/train/fak//c0455f5f-0c01-44f7-a008-05415ee4d57e.mp3,1
../audios/train/fak//e467f962-6f39-4213-adfa-1642f80b1d7e.mp3,1
../audios/train/rel/ef2133ce-6ff4-4111-920f-08d4c767be6e.mp3,0
../audios/train/fak//5a546a0e-f446-4db6-99aa-bb3065d18c81.mp3,1
../audios/train/rel/ef9a3d13-5869-4d03-b7e6-040b394d9ca7.mp3,0
../audios/train/fak//5471774b-9ae9-441f-b772-1dec7b87d441.mp3,1
../audios/train/fak//7593c4aa-5658-466f-aaf5-437e112869f4.mp3,1
../audios/train/rel/779d319f-8920-413f-ab8a-4dcb57deefef.mp3,0
../audios/train/fak//6a682028-ee9a-4c7e-b3c2-59b9b8219d6a.mp3,1
../audios/train/fak//db1caaf4-2f5a-451c-81d7-076dc2add0d4.mp3,1
../audios/train/fak//69146f06-e2c9-4c3a-b79c-0c8ec51a94ed.mp3,1
../audios/train/fak//ad64350f-371a-482c-93f0-3d776c9042fb.mp3,1
../audios/train/rel/e02f78e8-b0ce-41bb-8038-be9c90f0f649.mp3,0
../audios/train/fak//8bcae32b-74c9-4dd2-9f22-0043a232611f.mp3,1
../audios/train/rel/2db8aa3b-91e0-48f9-b698-88d61ac54908.mp3,0
../audios/train/rel/66da7dce-c058-4d5d-a253-7f362008b243.mp3,0
../audios/train/fak//8252d4f3-b390-41ea-b208-7879b7c8b1f2.mp3,1
../audios/train/fak//3a2f6c8f-fb6d-4523-a637-e766cf5ea596.mp3,1
../audios/train/fak//d6e53269-1f8c-4dcc-9b20-37853b532df5.mp3,1
../audios/train/rel/3039e4d1-2398-4441-a696-77942b739f7f.mp3,0
../audios/train/rel/a87c9980-e338-470e-994f-fccd0e8da6e8.mp3,0
../audios/train/fak//19aae202-6b5e-470b-bdd1-951d112936a5.mp3,1
../audios/train/fak//016aa116-ac18-4892-abfb-25b6645b9eb9.mp3,1
../audios/train/fak//cde1e534-0765-4a29-b4af-ede2d016d4ac.mp3,1
../audios/train/fak//97e336f5-d6fd-4e60-b385-2a62906b6aa4.mp3,1
../audios/train/fak//8f690e46-5dcc-464b-845f-200715faa173.mp3,1
../audios/train/rel/fdf2454a-598c-422a-a665-8ab6d4b3b0fc.mp3,0
../audios/train/rel/76c28ebc-ead6-4152-bba9-ca522d336503.mp3,0
../audios/train/rel/b528e386-d829-4b48-a8fd-3ed23833ac5c.mp3,0
../audios/train/rel/71f4e133-fa44-42db-891c-f373c320f6b0.mp3,0
../audios/train/fak//f5890dcf-5ac9-4ace-ad96-aeab359ea102.mp3,1
../audios/train/fak//44138773-6519-49f1-bbe2-b29a0d1dbf4a.mp3,1
../audios/train/rel/97797c45-995a-4834-a0ef-02f5c021189a.mp3,0
../audios/train/fak//2734cafe-9b2c-4f6e-82b0-b301cbcd8ca1.mp3,1
../audios/train/rel/d6611f74-bc8f-4697-9a4f-87d04e9a1985.mp3,0
../audios/train/fak//ebff849e-29d7-4ec7-8613-2a4913952a0c.mp3,1
../audios/train/fak//2ffaa930-be00-4bab-bbee-2292276059c1.mp3,1
../audios/train/rel/f8ae195b-5697-46bb-b4e4-41cdf64a4f31.mp3,0
../audios/train/rel/858eb792-1168-481e-ac2d-86a366b13114.mp3,0
../audios/train/fak//f65edf7f-6577-4086-a614-e5d839728e31.mp3,1
../audios/train/rel/c192a9c6-6087-4434-9c83-749832dbb162.mp3,0
../audios/train/fak//ccde032f-7821-46d1-96d8-871b3154fc3c.mp3,1
../audios/train/fak//5e28bf29-71bd-4c0d-92d7-7da46520dca8.mp3,1
../audios/train/rel/11049753-d736-4e48-b138-11ce06016ab6.mp3,0
../audios/train/fak//1fda6087-be6e-4fef-98d2-09864dab58ae.mp3,1
../audios/train/fak//31ace8f3-a9ec-4f98-9e1b-a1010a1e0486.mp3,1
../audios/train/rel/291b1cdb-349c-4f7e-b194-fa341dbecb90.mp3,0
../audios/train/fak//9fa70cea-5cd8-49da-94e7-203d76a094b0.mp3,1
../audios/train/fak//c8038dec-a6dd-491f-b4f6-2e41cc100f91.mp3,1
../audios/train/rel/19b927dd-d422-454b-a8b3-20404b7cd427.mp3,0
../audios/train/fak//662f60c9-3f0f-41b3-a5e6-18be3d91e26d.mp3,1
../audios/train/rel/5510751c-33c8-4211-bb18-18d15d3ca1c2.mp3,0
../audios/train/rel/9b76d5b7-2891-4edd-a978-d19a6c83a5e6.mp3,0
../audios/train/fak//a883b7d9-ffbf-4ca4-ac49-bba6a5e15203.mp3,1
../audios/train/fak//cca8c5e8-6502-404b-9a4d-07e6f332d478.mp3,1
../audios/train/fak//7edda0f1-c1b7-4a24-a61f-9f0bc9776465.mp3,1
../audios/train/fak//0dc6c5fe-f7b8-4b32-9429-2cd604460ce8.mp3,1
../audios/train/rel/703c9d52-9e8f-4e65-b0c6-d7aac38935f6.mp3,0
../audios/train/fak//634356d9-51e0-428b-a723-dbe47042baa9.mp3,1
../audios/train/fak//8fa21c7f-2d2b-48a6-a5e2-e641888a884b.mp3,1
../audios/train/fak//e66069d5-a6ac-4562-8ed0-5bf422d6a482.mp3,1
../audios/train/fak//fda8ee94-1c41-41bd-8317-ed76edeb7b53.mp3,1
../audios/train/fak//d305ec06-086b-4873-9735-45695c9b2e94.mp3,1
../audios/train/rel/4f3ce36a-5a64-45af-8324-00216496ab1c.mp3,0
../audios/train/fak//a4766bb7-a49a-409c-8118-ce61675c5e17.mp3,1
../audios/train/rel/5614d96c-c9d0-4489-9d0e-c11e6398c43d.mp3,0
../audios/train/fak//9ac8e590-9c62-494a-8d1a-dcfe718e912c.mp3,1
../audios/train/fak//01ed80b9-90b6-409b-b5c9-aafa358db74d.mp3,1
../audios/train/rel/a37dd515-6335-4175-b06f-d70e732cec8f.mp3,0
../audios/train/fak//582ee33a-9628-4709-a68e-376357075f51.mp3,1
../audios/train/fak//df212b2e-65b5-479c-ba9c-a0953bd43fe1.mp3,1
../audios/train/fak//11609df2-0664-4708-967c-e21aad575697.mp3,1
../audios/train/fak//e71d50db-88b4-467f-b4a8-886068f09de0.mp3,1
../audios/train/fak//634a3f02-790a-4ca0-a665-962b07749789.mp3,1
../audios/train/fak//82843f43-6818-4b27-b0cf-1cf6089814cd.mp3,1
../audios/train/rel/127f4cd5-0940-4f38-ae62-f697925ce5f2.mp3,0
../audios/train/rel/b8c143bf-430f-4f6e-b5f5-c1133d6fc599.mp3,0
../audios/train/fak//4720f306-05aa-4e4d-a915-3ed1eb5b03c4.mp3,1
../audios/train/rel/dd992f15-6fcb-47db-b3f4-9e3b925ecd39.mp3,0
../audios/train/fak//8e7bf39a-f01a-43ba-b86f-808fe012edb2.mp3,1
../audios/train/fak//52daf039-3c58-4fe1-948d-2a15b64e01a7.mp3,1
../audios/train/fak//c2c1cd2b-983f-4feb-ab22-b6c003b3dcee.mp3,1
../audios/train/fak//41d0bc7c-c81c-474e-b36e-4fd646a09614.mp3,1
../audios/train/fak//909544d0-772e-4d7d-8f46-95379de369a0.mp3,1
../audios/train/fak//adbbe6b9-06ea-4fc3-9fa8-880cf5c84fc4.mp3,1
../audios/train/rel/3f721414-7c2b-40b9-bf94-450f714eb187.mp3,0
../audios/train/fak//b64633cf-c669-44c7-abba-19e90cd6d10d.mp3,1
../audios/train/rel/88ce8a9f-d0c4-4b45-8ac2-ecc7c40ac2ec.mp3,0
../audios/train/rel/66615e6b-4487-4906-8d1b-69a5632832de.mp3,0
../audios/train/fak//926580d9-6bc0-4891-aa39-912461d32e88.mp3,1
../audios/train/fak//e4aeea3f-1d97-4991-a0ef-e225f0b36a61.mp3,1
../audios/train/fak//120e63b5-fb5b-4c5f-ac19-9b401f806880.mp3,1
../audios/train/fak//7b835bc9-4962-4b15-8f81-cf093a300379.mp3,1
../audios/train/fak//158839c0-bdd0-43d8-bcab-e6ff6aa7f394.mp3,1
../audios/train/rel/68d7f473-510a-42d7-87b0-c4f4e61617fe.mp3,0
../audios/train/rel/9fb163c9-d714-4fe5-961f-f02ec9da8c5e.mp3,0
../audios/train/fak//92f3c408-7e94-4957-ac36-a3ac101ffecb.mp3,1
../audios/train/fak//86e7ba3c-3335-4a6e-891f-3d553ce73c80.mp3,1
../audios/train/rel/f2887010-81dc-4c87-9892-b8f92f56602f.mp3,0
../audios/train/rel/100b42d9-9866-49f1-9634-bc65de37edda.mp3,0
../audios/train/fak//5361bd23-f767-4400-a633-4f0ae4ad00fa.mp3,1
../audios/train/rel/1c1d9179-a9ed-4756-9df0-c42b5394a8cd.mp3,0
../audios/train/fak//352ea396-13b7-42a3-a6bd-607392b9bfa4.mp3,1
../audios/train/fak//9ebdd759-766c-4d07-bbff-18123cd5989c.mp3,1
../audios/train/rel/d43fbaec-aedc-4489-8188-9c8902347749.mp3,0
../audios/train/rel/e496a69c-e87d-4149-9ee0-bf88dff824b2.mp3,0
../audios/train/fak//ae7e148b-f517-4caa-a3f1-fb39fa53d0a1.mp3,1
../audios/train/fak//d955f4dd-f88b-47c6-800d-cf874b4fd85a.mp3,1
../audios/train/fak//d7d0a9ae-93e7-4296-9178-ae729beaeda4.mp3,1
../audios/train/rel/0e6bc992-6916-41e0-8e09-b9c164035031.mp3,0
../audios/train/rel/772472a9-ab05-4d8f-a14e-4cf320a54301.mp3,0
../audios/train/fak//038511eb-1ad9-434c-b64b-760d8d3f07f6.mp3,1
../audios/train/fak//ee24d4dc-4998-4b3d-a84d-857aa12b99fe.mp3,1
../audios/train/fak//f741b0b6-450b-4fff-969c-f6f9b28362ee.mp3,1
../audios/train/fak//f34bddb5-4caf-4bf8-a836-2559fdd5e047.mp3,1
../audios/train/fak//e855ec6c-77aa-4119-af05-5e5dd7aa172f.mp3,1
../audios/train/fak//09ea82f2-bf21-4cd0-99d4-2c9339f9ad5d.mp3,1
../audios/train/rel/30dbefb0-2d41-4c48-84b2-9cf52b9ca23a.mp3,0
../audios/train/fak//ab7c1a45-9802-4f09-824f-3e5dc67f05b1.mp3,1
../audios/train/rel/9de79ba6-f0f0-411d-bbcd-5439cf61f16b.mp3,0
../audios/train/rel/ed3ee699-d725-45ba-a35c-48ba1a4e7ee6.mp3,0
../audios/train/fak//9ed5aa5a-d3dd-43d0-aa56-5b9ee791bf1c.mp3,1
../audios/train/fak//5fbb2051-e00b-4e40-b3d9-b1d3a75bbc75.mp3,1
../audios/train/rel/6e8d72c0-5efc-4d7a-b5d1-9642398d6f33.mp3,0
../audios/train/fak//2e790536-12ff-441b-bb77-3da7fec7508b.mp3,1
../audios/train/fak//51778701-f949-414b-822a-1f5b652e87c0.mp3,1
../audios/train/fak//b4927b38-162a-4e29-a502-719936ba02a4.mp3,1
../audios/train/rel/3f5f2d70-ad50-424b-8dcb-0e8c67b10d64.mp3,0
../audios/train/rel/fe03f2c1-da85-4fe6-8e70-663ac2dc8889.mp3,0
../audios/train/fak//08fa46c3-20d9-4e52-8322-cb4f865d3704.mp3,1
../audios/train/fak//c3242b16-3c8b-4ab5-8a0e-2a2afbfa67d1.mp3,1
../audios/train/fak//7b6be0b6-604d-4ee9-8b84-f829de7a7ffb.mp3,1
../audios/train/fak//6ab98e69-807e-4920-ab3b-67f0fbae4f66.mp3,1
../audios/train/rel/5614b2fb-95bb-45eb-bcd1-9744ac91858d.mp3,0
../audios/train/fak//2767ba97-a25c-4b5c-a1c5-9d1b2ebfae81.mp3,1
../audios/train/fak//f82af550-ca49-4951-9afc-f552e7f6cd83.mp3,1
../audios/train/rel/f067db62-4db9-446e-80ef-ebca90a8f0d6.mp3,0
../audios/train/fak//4ebd4333-d99b-4dda-89aa-a2f3088a1e8d.mp3,1
../audios/train/fak//88a0439f-acd2-49a2-b0e7-047ec2b2e98b.mp3,1
../audios/train/fak//7ab7eba6-d22c-408a-a50c-7cf55f40df58.mp3,1
../audios/train/rel/b76725cf-c1bd-4d73-bda7-efe2cca4bb47.mp3,0
../audios/train/fak//dc318f62-09f3-4f87-97d4-d14eb43c6a00.mp3,1
../audios/train/fak//90b2370b-84f1-4d33-b69d-fda95c9d02bd.mp3,1
../audios/train/fak//12f2ceb5-20ab-4c72-b8f0-eecc48c2c468.mp3,1
../audios/train/rel/be2ba239-a443-4feb-853d-ce74a23ef4f7.mp3,0
../audios/train/fak//a55c64e5-cdbe-4a86-960c-eb89a87df15f.mp3,1
../audios/train/fak//b44fc1b8-a605-482a-a25b-b9153990ae9f.mp3,1
../audios/train/fak//a138a371-89ae-47a6-8beb-e1ec347bc870.mp3,1
../audios/train/fak//4b9848e0-ed98-484e-8be0-7feac680f704.mp3,1
../audios/train/fak//cd9f9969-a928-4347-906f-3501332e16e0.mp3,1
../audios/train/fak//9d40bbf8-99b2-4b38-85eb-272416bc8b01.mp3,1
../audios/train/fak//f5fa2154-f36a-4ca7-a7a1-d54ae436bc91.mp3,1
../audios/train/rel/8dc9f20f-c1bf-4392-b9e0-f979a489dca6.mp3,0
../audios/train/fak//3f7f534f-9107-4785-801c-a6140cbb4655.mp3,1
../audios/train/fak//034edab3-8970-42a0-b1e3-5615bc2b5def.mp3,1
../audios/train/fak//2187c8c6-99e1-45a9-9e9b-1d2016bfebff.mp3,1
../audios/train/fak//8d6d7aea-ab9a-443b-a0c4-22d02ba8f3d5.mp3,1
../audios/train/rel/5d43ee49-3fbb-48c7-a26f-f3b6fd0718f8.mp3,0
../audios/train/fak//04ecf48b-4d38-4955-8db7-ce942e93c6c0.mp3,1
../audios/train/fak//7d9b5efa-97cf-49cf-b610-a5aa690195e6.mp3,1
../audios/train/fak//e2a4d315-6413-439c-bdcb-09107a8ebc1c.mp3,1
../audios/train/fak//4a14b3db-6f27-4564-b6ac-e2676ca77708.mp3,1
../audios/train/rel/01cefacb-3b7d-4dae-abdf-f190bc497473.mp3,0
../audios/train/rel/d7193f25-de59-4ff8-bcea-2455da2a1f2f.mp3,0
../audios/train/fak//71f93e31-af9e-456a-8f5a-a431e743eaf8.mp3,1
../audios/train/fak//6efb0f0e-1d4a-4e9d-af8d-d0086c29be4a.mp3,1
../audios/train/rel/5ce3c49b-bc9d-4cd7-aae8-19221f45205f.mp3,0
../audios/train/rel/b9023b68-4777-4394-b7f2-b22fff984fac.mp3,0
../audios/train/fak//13d2e538-75f4-4085-be6f-ac9417ee18c9.mp3,1
../audios/train/rel/bf95d3e3-0744-40aa-b41f-8104d49b787b.mp3,0
../audios/train/fak//9b4675cd-35d2-4ac0-92c2-1244b7f2019e.mp3,1
../audios/train/fak//217a4977-6b41-4ee8-bf34-9be3cd41560e.mp3,1
../audios/train/rel/94dd9dab-47e3-48d1-aeb3-a51eb772bcb0.mp3,0
../audios/train/rel/a3f6ca2d-f350-4966-a890-9bcd4b4456ea.mp3,0
../audios/train/fak//d0a3ad94-e76f-4ca8-8187-4ea230c653ac.mp3,1
../audios/train/fak//e7d779da-04ce-452a-a973-039b6f1a6f59.mp3,1
../audios/train/rel/80ac0536-671d-49fe-a2b0-492928123e6f.mp3,0
../audios/train/fak//fb31905f-4b62-4777-bf4d-656f17b05a8f.mp3,1
../audios/train/rel/a72bca27-d4f2-421f-b6bc-011e58b37d97.mp3,0
../audios/train/fak//e9650003-9279-4274-a295-0f5676c85d7d.mp3,1
../audios/train/fak//15f08eda-6509-4a40-a885-4affb140103d.mp3,1
../audios/train/fak//90e24c51-9b26-47ed-adbf-528e70d3e37b.mp3,1
../audios/train/rel/3a3667d3-188e-46d7-a5b1-75e5dca58453.mp3,0
../audios/train/fak//87b40a2c-5497-438a-9182-de866de4e672.mp3,1
../audios/train/fak//61352562-9ef4-4eee-a045-a2d14d655b6a.mp3,1
../audios/train/fak//b4a9d9bc-64c2-4f8e-947f-b100d270f993.mp3,1
../audios/train/rel/7d23218d-1d3a-4e08-b7a1-3399305ea71b.mp3,0
../audios/train/rel/ecb9ab4c-16ac-4f3c-9d56-e01a847980f1.mp3,0
../audios/train/fak//0a5523aa-c6b3-4d65-8178-ab8930c85df7.mp3,1
../audios/train/rel/234a565e-c36d-44df-883d-ce9ef91e2736.mp3,0
../audios/train/fak//e2ebb060-a398-4175-8ed5-8d25497b0f9a.mp3,1
../audios/train/fak//d2b96142-6f68-4d4b-8a96-c89fdf7d5d42.mp3,1
../audios/train/fak//dbd48a29-3fb5-4bf0-b5e5-626ac0f38e59.mp3,1
../audios/train/fak//a6d23a55-74dc-4a79-8529-ff5dfb8c4462.mp3,1
../audios/train/fak//15bd446c-321f-46ac-b28c-27f60f0e9586.mp3,1
../audios/train/rel/62d12711-8f5c-4371-b86e-4d10c2b53109.mp3,0
../audios/train/fak//16ad91ec-3fd5-4465-a22c-d3ad4d19ed97.mp3,1
../audios/train/rel/b982303e-3a89-4031-a99d-8d786c77b692.mp3,0
../audios/train/rel/64a355f1-09d6-4bab-85ea-6de519bdf62d.mp3,0
../audios/train/fak//cb90674f-724d-47bd-9c4f-76c9bea9c6e8.mp3,1
../audios/train/fak//d1f9d82f-c3ae-4f48-83e1-ceac6af2f523.mp3,1
../audios/train/fak//65b9018b-6a26-481f-be4f-5a2d7298f7ab.mp3,1
../audios/train/fak//b8a2e74b-30a6-4737-b6d5-bb3f83f8aa8c.mp3,1
../audios/train/fak//2f0b535e-6e4c-4de7-a081-17ac5c2cc748.mp3,1
../audios/train/fak//74a85748-f1a7-4265-b2c7-993557618b3f.mp3,1
../audios/train/fak//d549ce03-b6c9-4cd4-9bb8-a74fcb26631c.mp3,1
../audios/train/fak//9c42f309-4e61-41da-be45-2cf743b8e03d.mp3,1
../audios/train/rel/00d35047-24b8-4c93-b8be-a51acf7cf1e4.mp3,0
../audios/train/fak//bbd25141-1297-4ecb-820f-afb876b95bf3.mp3,1
../audios/train/fak//cb152691-0229-4aa8-9dcd-9b433dab3ab5.mp3,1
../audios/train/fak//d14fe560-1aac-414e-9f1b-c0fb88014268.mp3,1
../audios/train/fak//f6498efd-11e8-4cd8-809c-4a5e73d8d162.mp3,1
../audios/train/fak//4937b35b-f49c-4db2-ae18-187b5031108b.mp3,1
../audios/train/fak//6ffc468a-ae36-4e4e-9f35-37bff7429dac.mp3,1
../audios/train/rel/02d9784b-7c35-4c0b-b59c-0555ccbbb5fd.mp3,0
../audios/train/fak//c0ebf452-bf59-432f-93c6-37eaef790ce9.mp3,1
../audios/train/rel/7390b4bc-85cf-4aa2-854a-f2e4a0cdc816.mp3,0
../audios/train/fak//c4f9aee4-d310-4bb2-89d7-bbfca963d94a.mp3,1
../audios/train/fak//66d2e52f-4d57-4652-9bd6-b3cedb1a30b9.mp3,1
../audios/train/fak//e24cce33-b2c4-4252-ad2c-0b5b8752129d.mp3,1
../audios/train/rel/9eef2613-79aa-4ac1-90a8-25621a270b35.mp3,0
../audios/train/rel/f86a8363-9d2f-4ead-baa1-2d6c9a84e98a.mp3,0
../audios/train/fak//01f4a81d-f0e9-4ce5-b705-c1d28219021e.mp3,1
../audios/train/fak//163253c3-e501-4af5-939e-4c9a2779b440.mp3,1
../audios/train/fak//8ba7e50d-bbde-427a-a83d-abbbb2591454.mp3,1
../audios/train/rel/f19739ba-e5ff-463c-8fcd-92b20eb2b44d.mp3,0
../audios/train/fak//12aa59d0-eed0-4125-8b1c-b63c349cb0af.mp3,1
../audios/train/fak//94901e11-4230-4acc-aa1a-05c4acd05831.mp3,1
../audios/train/fak//67f5b17e-b2ff-4e19-b1af-2894416a9362.mp3,1
../audios/train/fak//f7ae7ed9-bb95-422c-85fd-bf2ec8dc5e2a.mp3,1
../audios/train/fak//e557bea5-58b0-465a-94d4-41751a1b58fb.mp3,1
../audios/train/fak//450eddde-f074-4e1d-a346-d2f8ea0a1eb2.mp3,1
../audios/train/fak//762dfb47-9ec8-4f9e-98d0-039892df108a.mp3,1
../audios/train/rel/9e58a0ff-3349-44f6-b555-a5759fd903d7.mp3,0
../audios/train/fak//30d9723c-7bde-45f9-a876-6865cca1daf6.mp3,1
../audios/train/rel/1f62f06e-e566-43d8-80fc-a26d89790292.mp3,0
../audios/train/fak//9a9ef846-2aaa-43bc-ba54-cf4e46b633e7.mp3,1
../audios/train/rel/fbb58eac-9a9a-4eaa-9e9f-b83a875b23dd.mp3,0
../audios/train/fak//ecb8a8ee-0fb6-4bc8-98a5-c274a0be44af.mp3,1
../audios/train/fak//d2345503-a78e-463a-870f-209b0cd6bf0c.mp3,1
../audios/train/rel/eac5eec1-c4b2-4c63-bb4f-fa36f65ce556.mp3,0
../audios/train/fak//7bb5c206-1bce-4c6b-8f70-56242fe9b450.mp3,1
../audios/train/fak//e9caf43e-bc9d-4b9f-a3cc-79ee9116ebd4.mp3,1
../audios/train/rel/792ecc55-b05d-441c-b018-2866a854468e.mp3,0
../audios/train/fak//fa736826-73e1-4ac4-bbf1-93853b7f3fe0.mp3,1
../audios/train/rel/cd31cb5c-d601-435c-a8da-08e62fc85ce5.mp3,0
../audios/train/rel/2bc8573f-ef07-4211-a9df-7c47fdcfc2a6.mp3,0
../audios/train/rel/116f8110-dbca-4c28-a389-c7ad5471d597.mp3,0
../audios/train/rel/5e3063ab-37e4-48d0-aa33-58db3306ebf9.mp3,0
../audios/train/fak//57e2fc50-5c9f-4713-b24b-3dfefb6c2d28.mp3,1
../audios/train/rel/95c9b0dd-df5a-4849-aa2d-90ada5f06c02.mp3,0
../audios/train/fak//249be753-da05-417c-b15f-ad20a1c0ca55.mp3,1
../audios/train/fak//5f1cd5b4-28d4-49c3-9a7a-9d3fa5b206b4.mp3,1
../audios/train/rel/64490ae8-9d06-4e3e-95e1-4e3e93ff9c61.mp3,0
../audios/train/rel/31cefbe9-b6d0-4e5e-9f6c-251f50e77c2b.mp3,0
../audios/train/rel/8378faac-a00b-498c-821b-5b7d9286a4d7.mp3,0
../audios/train/fak//2822bfa1-1397-4efa-9ae7-47449befbc7f.mp3,1
../audios/train/rel/9cd2b3c6-2904-4715-8764-faa551272567.mp3,0
../audios/train/fak//1a2bdbe0-016d-4d30-9540-f007f24e54ec.mp3,1
../audios/train/rel/b57cb7bf-3e7f-4f67-8379-ea2ef8ed4ab0.mp3,0
../audios/train/fak//12e125e7-ca6f-4b0d-96b6-cd8128ae71fe.mp3,1
../audios/train/rel/e85070b0-2bef-4334-b3ee-815afb10a7aa.mp3,0
../audios/train/fak//4c0a1f3a-9ec0-44e7-a3b0-61c535655300.mp3,1
../audios/train/fak//c932704c-a90d-4405-95b7-953cd69c95d6.mp3,1
../audios/train/fak//bc0804ba-dc8d-48ec-8ee3-baba760f3c54.mp3,1
../audios/train/fak//31294bb4-743b-4b0f-acaa-55c0c847f0c0.mp3,1
../audios/train/rel/1007056b-1721-4169-b81c-b86ee62809c1.mp3,0
../audios/train/fak//8c56a7fe-cdbe-4a24-9307-a6a33f8d85a7.mp3,1
../audios/train/fak//0e0fb5d4-89b5-4270-a9c9-066139301ad5.mp3,1
../audios/train/fak//a26048d6-cb09-4a7b-becb-161420c01ade.mp3,1
../audios/train/rel/3e2ea4b2-1b88-4d60-8048-4c2c1a885667.mp3,0
../audios/train/fak//6e1db353-cfe9-4ca9-9ba5-9c22a29b947e.mp3,1
../audios/train/fak//66c33a2c-82d0-4ad9-b09e-42ba1ace5361.mp3,1
../audios/train/rel/1a557a14-4076-4018-a90e-0a0d51ec1be3.mp3,0
../audios/train/rel/bcad4e75-9e0c-496d-b544-86ba57d2e8ab.mp3,0
../audios/train/fak//9067448c-6cf7-45c7-ad2d-e7ab5d9347ff.mp3,1
../audios/train/rel/d115349b-ee5a-4da7-9682-f89778e3d7d2.mp3,0
../audios/train/fak//36fa63c4-31e3-4d86-bbf1-5e1c7848d87d.mp3,1
../audios/train/fak//91fb4949-80b3-40d3-9586-06a41d49db5f.mp3,1
../audios/train/rel/4233c672-37d7-4564-a1a9-eac0e0ebe26f.mp3,0
../audios/train/rel/929a6c17-d3e6-4813-adc0-a55cecaee207.mp3,0
../audios/train/rel/7448c867-26cf-4391-aec1-d783968e413b.mp3,0
../audios/train/fak//67b3f659-c8b1-407d-a16e-9052176aa6bb.mp3,1
../audios/train/fak//a1590d9a-723e-48ec-ae3f-13df0565bfc6.mp3,1
../audios/train/rel/88475a64-28ce-4f4a-a102-206a14bff0c5.mp3,0
../audios/train/rel/e0f0d030-2a64-424c-9220-2084f38d9a42.mp3,0
../audios/train/rel/53de3d06-6dc4-4fb3-ab8b-e4f10afe0138.mp3,0
../audios/train/rel/b027971b-73c1-49f6-a733-0d6f40238410.mp3,0
../audios/train/fak//77655b81-5502-40c2-83eb-efaa0ef0de6d.mp3,1
../audios/train/fak//5bf7a37a-4efc-4d1e-9192-c48c42893153.mp3,1
../audios/train/fak//821103ac-907d-4a00-966d-915b2c8c59cb.mp3,1
../audios/train/rel/374fb58b-fe5e-4f36-9366-40b014289e54.mp3,0
